codine;Municipio
02001;Abengibre
02002;Alatoz
02003;Albacete
02004;Albatana
02005;Alborea
02006;Alcadozo
02007;Alcala del Jucar
02008;Alcaraz
02009;Almansa
02010;Alpera
02011;Ayna
02012;Balazote
02013;Balsa de Ves
02014;Ballestero, El
02015;Barrax
02016;Bienservida
02017;Bogarra
02018;Bonete
02019;Bonillo, El
02020;Carcelen
02021;Casas de Juan Nunez
02022;Casas de Lazaro
02023;Casas de Ves
02024;Casas-Ibanez
02025;Caudete
02026;Cenizate
02027;Corral-Rubio
02028;Cotillas
02029;Chinchilla de Monte-Aragon
02030;Elche de la Sierra
02031;Ferez
02032;Fuensanta
02033;Fuente-Alamo
02034;Fuentealbilla
02035;Gineta, La
02036;Golosalvo
02037;Hellin
02038;Herrera, La
02039;Higueruela
02040;Hoya-Gonzalo
02041;Jorquera
02042;Letur
02043;Lezuza
02044;Lietor
02045;Madrigueras
02046;Mahora
02047;Masegoso
02048;Minaya
02049;Molinicos
02050;Montalvos
02051;Montealegre del Castillo
02052;Motilleja
02053;Munera
02054;Navas de Jorquera
02055;Nerpio
02056;Ontur
02057;Ossa de Montiel
02058;Paterna del Madera
02059;Penascosa
02060;Penas de San Pedro
02061;Petrola
02062;Povedilla
02063;Pozohondo
02064;Pozo-Lorente
02065;Pozuelo
02066;Recueja, La
02067;Riopar
02068;Robledo
02069;Roda, La
02070;Salobre
02071;San Pedro
02072;Socovos
02073;Tarazona de la Mancha
02074;Tobarra
02075;Valdeganga
02076;Vianos
02077;Villa de Ves
02078;Villalgordo del Jucar
02079;Villamalea
02080;Villapalacios
02081;Villarrobledo
02082;Villatoya
02083;Villavaliente
02084;Villaverde de Guadalimar
02085;Viveros
02086;Yeste
04001;Abla
04002;Abrucena
04003;Adra
04004;Albanchez
04005;Alboloduy
04006;Albox
04007;Alcolea
04008;Alcontar
04009;Alcudia de Monteagud
04010;Alhabia
04011;Alhama de Almeria
04012;Alicun
04013;Almeria
04014;Almocita
04015;Alsodux
04016;Antas
04017;Arboleas
04018;Armuna de Almanzora
04019;Bacares
04020;Bayarcal
04021;Bayarque
04022;Bedar
04023;Beires
04024;Benahadux
04026;Benitagla
04027;Benizalon
04028;Bentarique
04029;Berja
04030;Canjayar
04031;Cantoria
04032;Carboneras
04033;Castro de Filabres
04034;Cobdar
04035;Cuevas del Almanzora
04036;Chercos
04037;Chirivel
04038;Dalias
04041;Enix
04043;Felix
04044;Fines
04045;Finana
04046;Fondon
04047;Gador
04048;Gallardos, Los
04049;Garrucha
04050;Gergal
04051;Huecija
04052;Huercal de Almeria
04053;Huercal-Overa
04054;Illar
04055;Instincion
04056;Laroya
04057;Laujar de Andarax
04058;Lijar
04059;Lubrin
04060;Lucainena de las Torres
04061;Lucar
04062;Macael
04063;Maria
04064;Mojacar
04065;Nacimiento
04066;Nijar
04067;Ohanes
04068;Olula de Castro
04069;Olula del Rio
04070;Oria
04071;Padules
04072;Partaloa
04073;Paterna del Rio
04074;Pechina
04075;Pulpi
04076;Purchena
04077;Ragol
04078;Rioja
04079;Roquetas de Mar
04080;Santa Cruz de Marchena
04081;Santa Fe de Mondujar
04082;Senes
04083;Seron
04084;Sierro
04085;Somontin
04086;Sorbas
04087;Sufli
04088;Tabernas
04089;Taberno
04090;Tahal
04091;Terque
04092;Tijola
04093;Turre
04094;Turrillas
04095;Uleila del Campo
04096;Urracal
04097;Velefique
04098;Velez-Blanco
04099;Velez-Rubio
04100;Vera
04101;Viator
04102;Vicar
04103;Zurgena
04901;Tres Villas, Las
04902;Ejido, El
04903;Mojonera, La
33001;Allande
33002;Aller
33003;Amieva
33004;Aviles
33005;Belmonte de Miranda
33006;Bimenes
33007;Boal
33008;Cabrales
33009;Cabranes
33010;Candamo
33011;Cangas del Narcea
33012;Cangas de Onis
33013;Caravia
33014;Carreno
33015;Caso
33016;Castrillon
33017;Castropol
33018;Coana
33019;Colunga
33020;Corvera de Asturias
33021;Cudillero
33022;Degana
33023;Franco, El
33024;Gijon
33025;Gozon
33026;Grado
33027;Grandas de Salime
33028;Ibias
33029;Illano
33030;Illas
33031;Langreo
33032;Laviana
33033;Lena
33034;Valdes
33035;Llanera
33036;Llanes
33037;Mieres
33038;Morcin
33039;Muros de Nalon
33040;Nava
33041;Navia
33042;Norena
33043;Onis
33044;Oviedo
33045;Parres
33046;Penamellera Alta
33047;Penamellera Baja
33048;Pesoz
33049;Pilona
33050;Ponga
33051;Pravia
33052;Proaza
33053;Quiros
33054;Regueras, Las
33055;Ribadedeva
33056;Ribadesella
33057;Ribera de Arriba
33058;Riosa
33059;Salas
33060;San Martin del Rey Aurelio
33061;San Martin de Oscos
33062;Santa Eulalia de Oscos
33063;San Tirso de Abres
33064;Santo Adriano
33065;Sariego
33066;Siero
33067;Sobrescobio
33068;Somiedo
33069;Soto del Barco
33070;Tapia de Casariego
33071;Taramundi
33072;Teverga
33073;Tineo
33074;Vegadeo
33075;Villanueva de Oscos
33076;Villaviciosa
33077;Villayon
33078;Yernes y Tameza
06001;Acedera
06002;Aceuchal
06003;Ahillones
06004;Alange
06005;Albuera, La
06006;Alburquerque
06007;Alconchel
06008;Alconera
06009;Aljucen
06010;Almendral
06011;Almendralejo
06012;Arroyo de San Servan
06013;Atalaya
06014;Azuaga
06015;Badajoz
06016;Barcarrota
06017;Baterno
06018;Benquerencia de la Serena
06019;Berlanga
06020;Bienvenida
06021;Bodonal de la Sierra
06022;Burguillos del Cerro
06023;Cabeza del Buey
06024;Cabeza la Vaca
06025;Calamonte
06026;Calera de Leon
06027;Calzadilla de los Barros
06028;Campanario
06029;Campillo de Llerena
06030;Capilla
06031;Carmonita
06032;Carrascalejo, El
06033;Casas de Don Pedro
06034;Casas de Reina
06035;Castilblanco
06036;Castuera
06037;Codosera, La
06038;Cordobilla de Lacara
06039;Coronada, La
06040;Corte de Peleas
06041;Cristina
06042;Cheles
06043;Don Alvaro
06044;Don Benito
06045;Entrin Bajo
06046;Esparragalejo
06047;Esparragosa de la Serena
06048;Esparragosa de Lares
06049;Feria
06050;Fregenal de la Sierra
06051;Fuenlabrada de los Montes
06052;Fuente de Cantos
06053;Fuente del Arco
06054;Fuente del Maestre
06055;Fuentes de Leon
06056;Garbayuela
06057;Garlitos
06058;Garrovilla, La
06059;Granja de Torrehermosa
06060;Guarena
06061;Haba, La
06062;Helechosa de los Montes
06063;Herrera del Duque
06064;Higuera de la Serena
06065;Higuera de Llerena
06066;Higuera de Vargas
06067;Higuera la Real
06068;Hinojosa del Valle
06069;Hornachos
06070;Jerez de los Caballeros
06071;Lapa, La
06072;Lobon
06073;Llera
06074;Llerena
06075;Magacela
06076;Maguilla
06077;Malcocinado
06078;Malpartida de la Serena
06079;Manchita
06080;Medellin
06081;Medina de las Torres
06082;Mengabril
06083;Merida
06084;Mirandilla
06085;Monesterio
06086;Montemolin
06087;Monterrubio de la Serena
06088;Montijo
06089;Morera, La
06090;Nava de Santiago, La
06091;Navalvillar de Pela
06092;Nogales
06093;Oliva de la Frontera
06094;Oliva de Merida
06095;Olivenza
06096;Orellana de la Sierra
06097;Orellana la Vieja
06098;Palomas
06099;Parra, La
06100;Penalsordo
06101;Peraleda del Zaucejo
06102;Puebla de Alcocer
06103;Puebla de la Calzada
06104;Puebla de la Reina
06105;Puebla del Maestre
06106;Puebla del Prior
06107;Puebla de Obando
06108;Puebla de Sancho Perez
06109;Quintana de la Serena
06110;Reina
06111;Rena
06112;Retamal de Llerena
06113;Ribera del Fresno
06114;Risco
06115;Roca de la Sierra, La
06116;Salvaleon
06117;Salvatierra de los Barros
06118;Sancti-Spiritus
06119;San Pedro de Merida
06120;Santa Amalia
06121;Santa Marta
06122;Santos de Maimona, Los
06123;San Vicente de Alcantara
06124;Segura de Leon
06125;Siruela
06126;Solana de los Barros
06127;Talarrubias
06128;Talavera la Real
06129;Taliga
06130;Tamurejo
06131;Torre de Miguel Sesmero
06132;Torremayor
06133;Torremejia
06134;Trasierra
06135;Trujillanos
06136;Usagre
06137;Valdecaballeros
06138;Valdetorres
06139;Valencia de las Torres
06140;Valencia del Mombuey
06141;Valencia del Ventoso
06142;Valverde de Burguillos
06143;Valverde de Leganes
06144;Valverde de Llerena
06145;Valverde de Merida
06146;Valle de la Serena
06147;Valle de Matamoros
06148;Valle de Santa Ana
06149;Villafranca de los Barros
06150;Villagarcia de la Torre
06151;Villagonzalo
06152;Villalba de los Barros
06153;Villanueva de la Serena
06154;Villanueva del Fresno
06155;Villar del Rey
06156;Villar de Rena
06157;Villarta de los Montes
06158;Zafra
06159;Zahinos
06160;Zalamea de la Serena
06161;Zarza-Capilla
06162;Zarza, La
06901;Valdelacalzada
08001;Abrera
08002;Aguilar de Segarra
08003;Alella
08004;Alpens
08005;Ametlla del Valles, L
08006;Arenys de Mar
08007;Arenys de Munt
08008;Argencola
08009;Argentona
08010;Artes
08011;Avia
08012;Avinyo
08013;Avinyonet del Penedes
08014;Aiguafreda
08015;Badalona
08016;Baga
08017;Balenya
08018;Balsareny
08019;Barcelona
08020;Begues
08021;Bellprat
08022;Berga
08023;Bigues i Riells
08024;Borreda
08025;Bruc, El
08026;Brull, El
08027;Cabanyes, Les
08028;Cabrera dAnoia
08029;Cabrera de Mar
08030;Cabrils
08031;Calaf
08032;Caldes dEstrac
08033;Caldes de Montbui
08034;Calders
08035;Calella
08036;Calonge de Segarra
08037;Calldetenes
08038;Callus
08039;Campins
08040;Canet de Mar
08041;Canovelles
08042;Canoves i Samalus
08043;Canyelles
08044;Capellades
08045;Capolat
08046;Cardedeu
08047;Cardona
08048;Carme
08049;Casserres
08050;Castellar del Riu
08051;Castellar del Valles
08052;Castellar de nHug
08053;Castellbell i el Vilar
08054;Castellbisbal
08055;Castellcir
08056;Castelldefels
08057;Castell de lAreny
08058;Castellet i la Gornal
08059;Castellfollit del Boix
08060;Castellfollit de Riubregos
08061;Castellgali
08062;Castellnou de Bages
08063;Castelloli
08064;Castelltercol
08065;Castellvi de la Marca
08066;Castellvi de Rosanes
08067;Centelles
08068;Cervello
08069;Collbato
08070;Collsuspina
08071;Copons
08072;Corbera de Llobregat
08073;Cornella de Llobregat
08074;Cubelles
08075;Dosrius
08076;Esparreguera
08077;Esplugues de Llobregat
08078;Espunyola, L
08079;Estany, L
08080;Figols
08081;Fogars de Montclus
08082;Fogars de la Selva
08083;Folgueroles
08084;Fonollosa
08085;Font-rubi
08086;Franqueses del Valles, Les
08087;Gallifa
08088;Garriga, La
08089;Gava
08090;Gaia
08091;Gelida
08092;Gironella
08093;Gisclareny
08094;Granada, La
08095;Granera
08096;Granollers
08097;Gualba
08098;Sant Salvador de Guardiola
08099;Guardiola de Bergueda
08100;Gurb
08101;Hospitalet de Llobregat, L
08102;Igualada
08103;Jorba
08104;Llacuna, La
08105;Llagosta, La
08106;Llinars del Valles
08107;Llica dAmunt
08108;Llica de Vall
08109;Lluca
08110;Malgrat de Mar
08111;Malla
08112;Manlleu
08113;Manresa
08114;Martorell
08115;Martorelles
08116;Masies de Roda, Les
08117;Masies de Voltrega, Les
08118;Masnou, El
08119;Masquefa
08120;Matadepera
08121;Mataro
08122;Mediona
08123;Molins de Rei
08124;Mollet del Valles
08125;Montcada i Reixac
08126;Montgat
08127;Monistrol de Montserrat
08128;Monistrol de Calders
08129;Muntanyola
08130;Montclar
08131;Montesquiu
08132;Montmajor
08133;Montmaneu
08134;Figaro-Montmany
08135;Montmelo
08136;Montornes del Valles
08137;Montseny
08138;Moia
08139;Mura
08140;Navarcles
08141;Navas
08142;Nou de Bergueda, La
08143;Odena
08144;Olvan
08145;Olerdola
08146;Olesa de Bonesvalls
08147;Olesa de Montserrat
08148;Olivella
08149;Olost
08150;Oris
08151;Orista
08152;Orpi
08153;Orrius
08154;Pacs del Penedes
08155;Palafolls
08156;Palau-solita i Plegamans
08157;Palleja
08158;Papiol, El
08159;Parets del Valles
08160;Perafita
08161;Piera
08162;Hostalets de Pierola, Els
08163;Pineda de Mar
08164;Pla del Penedes, El
08165;Pobla de Claramunt, La
08166;Pobla de Lillet, La
08167;Polinya
08168;Pontons
08169;Prat de Llobregat, El
08170;Prats de Rei, Els
08171;Prats de Llucanes
08172;Premia de Mar
08174;Puigdalber
08175;Puig-reig
08176;Pujalt
08177;Quar, La
08178;Rajadell
08179;Rellinars
08180;Ripollet
08181;Roca del Valles, La
08182;Pont de Vilomara i Rocafort, El
08183;Roda de Ter
08184;Rubi
08185;Rubio
08187;Sabadell
08188;Sagas
08189;Sant Pere Sallavinera
08190;Saldes
08191;Sallent
08192;Santpedor
08193;Sant Iscle de Vallalta
08194;Sant Adria de Besos
08195;Sant Agusti de Llucanes
08196;Sant Andreu de la Barca
08197;Sant Andreu de Llavaneres
08198;Sant Antoni de Vilamajor
08199;Sant Bartomeu del Grau
08200;Sant Boi de Llobregat
08201;Sant Boi de Llucanes
08202;Sant Celoni
08203;Sant Cebria de Vallalta
08204;Sant Climent de Llobregat
08205;Sant Cugat del Valles
08206;Sant Cugat Sesgarrigues
08207;Sant Esteve de Palautordera
08208;Sant Esteve Sesrovires
08209;Sant Fost de Campsentelles
08210;Sant Feliu de Codines
08211;Sant Feliu de Llobregat
08212;Sant Feliu Sasserra
08213;Sant Fruitos de Bages
08214;Vilassar de Dalt
08215;Sant Hipolit de Voltrega
08216;Sant Jaume de Frontanya
08217;Sant Joan Despi
08218;Sant Joan de Vilatorrada
08219;Vilassar de Mar
08220;Sant Julia de Vilatorta
08221;Sant Just Desvern
08222;Sant Llorenc dHortons
08223;Sant Llorenc Savall
08224;Sant Marti de Centelles
08225;Sant Marti dAlbars
08226;Sant Marti de Tous
08227;Sant Marti Sarroca
08228;Sant Marti Sesgueioles
08229;Sant Mateu de Bages
08230;Premia de Dalt
08231;Sant Pere de Ribes
08232;Sant Pere de Riudebitlles
08233;Sant Pere de Torello
08234;Sant Pere de Vilamajor
08235;Sant Pol de Mar
08236;Sant Quinti de Mediona
08237;Sant Quirze de Besora
08238;Sant Quirze del Valles
08239;Sant Quirze Safaja
08240;Sant Sadurni dAnoia
08241;Sant Sadurni dOsormort
08242;Marganell
08243;Santa Cecilia de Voltrega
08244;Santa Coloma de Cervello
08245;Santa Coloma de Gramenet
08246;Santa Eugenia de Berga
08247;Santa Eulalia de Riuprimer
08248;Santa Eulalia de Roncana
08249;Santa Fe del Penedes
08250;Santa Margarida de Montbui
08251;Santa Margarida i els Monjos
08252;Barbera del Valles
08253;Santa Maria de Besora
08254;Santa Maria de Corco
08255;Santa Maria de Merles
08256;Santa Maria de Martorelles
08257;Santa Maria de Miralles
08258;Santa Maria dOlo
08259;Santa Maria de Palautordera
08260;Santa Perpetua de Mogoda
08261;Santa Susanna
08262;Sant Vicenc de Castellet
08263;Sant Vicenc dels Horts
08264;Sant Vicenc de Montalt
08265;Sant Vicenc de Torello
08266;Cerdanyola del Valles
08267;Sentmenat
08268;Cercs
08269;Seva
08270;Sitges
08271;Sobremunt
08272;Sora
08273;Subirats
08274;Suria
08275;Tavernoles
08276;Tagamanent
08277;Talamanca
08278;Taradell
08279;Terrassa
08280;Tavertet
08281;Teia
08282;Tiana
08283;Tona
08284;Tordera
08285;Torello
08286;Torre de Claramunt, La
08287;Torrelavit
08288;Torrelles de Foix
08289;Torrelles de Llobregat
08290;Ullastrell
08291;Vacarisses
08292;Vallbona dAnoia
08293;Vallcebre
08294;Vallgorguina
08295;Vallirana
08296;Vallromanes
08297;Veciana
08298;Vic
08299;Vilada
08300;Viladecavalls
08301;Viladecans
08302;Vilanova del Cami
08303;Vilanova de Sau
08304;Vilobi del Penedes
08305;Vilafranca del Penedes
08306;Vilalba Sasserra
08307;Vilanova i la Geltru
08308;Viver i Serrateix
08901;Rupit i Pruit
08902;Vilanova del Valles
08903;Sant Julia de Cerdanyola
08904;Badia del Valles
09001;Abajas
09003;Adrada de Haza
09006;Aguas Candidas
09007;Aguilar de Bureba
09009;Albillos
09010;Alcocero de Mola
09011;Alfoz de Bricia
09012;Alfoz de Santa Gadea
09013;Altable
09014;Altos, Los
09016;Ameyugo
09017;Anguix
09018;Aranda de Duero
09019;Arandilla
09020;Arauzo de Miel
09021;Arauzo de Salce
09022;Arauzo de Torre
09023;Arcos
09024;Arenillas de Riopisuerga
09025;Arija
09026;Arlanzon
09027;Arraya de Oca
09029;Atapuerca
09030;Ausines, Los
09032;Avellanosa de Muno
09033;Bahabon de Esgueva
09034;Balbases, Los
09035;Banos de Valdearados
09036;Banuelos de Bureba
09037;Barbadillo de Herreros
09038;Barbadillo del Mercado
09039;Barbadillo del Pez
09041;Barrio de Muno
09043;Barrios de Bureba, Los
09044;Barrios de Colina
09045;Basconcillos del Tozo
09046;Bascunana
09047;Belbimbre
09048;Belorado
09050;Berberana
09051;Berlangas de Roa
09052;Berzosa de Bureba
09054;Bozoo
09055;Brazacorta
09056;Briviesca
09057;Bugedo
09058;Buniel
09059;Burgos
09060;Busto de Bureba
09061;Cabanes de Esgueva
09062;Cabezon de la Sierra
09063;Cavia
09064;Caleruega
09065;Campillo de Aranda
09066;Campolara
09067;Canicosa de la Sierra
09068;Cantabrana
09070;Carazo
09071;Carcedo de Bureba
09072;Carcedo de Burgos
09073;Cardenadijo
09074;Cardenajimeno
09075;Cardenuela Riopico
09076;Carrias
09077;Cascajares de Bureba
09078;Cascajares de la Sierra
09079;Castellanos de Castro
09082;Castildelgado
09083;Castil de Peones
09084;Castrillo de la Reina
09085;Castrillo de la Vega
09086;Castrillo del Val
09088;Castrillo de Riopisuerga
09090;Castrillo Matajudios
09091;Castrojeriz
09093;Cayuela
09094;Cebrecos
09095;Celada del Camino
09098;Cerezo de Rio Tiron
09100;Cerraton de Juarros
09101;Ciadoncha
09102;Cillaperlata
09103;Cilleruelo de Abajo
09104;Cilleruelo de Arriba
09105;Ciruelos de Cervera
09108;Cogollos
09109;Condado de Trevino
09110;Contreras
09112;Coruna del Conde
09113;Covarrubias
09114;Cubillo del Campo
09115;Cubo de Bureba
09117;Cueva de Roa, La
09119;Cuevas de San Clemente
09120;Encio
09122;Espinosa de Cervera
09123;Espinosa del Camino
09124;Espinosa de los Monteros
09125;Estepar
09127;Fontioso
09128;Frandovinez
09129;Fresneda de la Sierra Tiron
09130;Fresnena
09131;Fresnillo de las Duenas
09132;Fresno de Rio Tiron
09133;Fresno de Rodilla
09134;Frias
09135;Fuentebureba
09136;Fuentecen
09137;Fuentelcesped
09138;Fuentelisendo
09139;Fuentemolinos
09140;Fuentenebro
09141;Fuentespina
09143;Galbarros
09144;Gallega, La
09148;Grijalba
09149;Grisalena
09151;Gumiel de Izan
09152;Gumiel de Mercado
09154;Hacinas
09155;Haza
09159;Hontanas
09160;Hontangas
09162;Hontoria de la Cantera
09163;Hontoria del Pinar
09164;Hontoria de Valdearados
09166;Hormazas, Las
09167;Hornillos del Camino
09168;Horra, La
09169;Hortiguela
09170;Hoyales de Roa
09172;Huermeces
09173;Huerta de Arriba
09174;Huerta de Rey
09175;Humada
09176;Hurones
09177;Ibeas de Juarros
09178;Ibrillos
09179;Iglesiarrubia
09180;Iglesias
09181;Isar
09182;Itero del Castillo
09183;Jaramillo de la Fuente
09184;Jaramillo Quemado
09189;Junta de Traslaloma
09190;Junta de Villalba de Losa
09191;Jurisdiccion de Lara
09192;Jurisdiccion de San Zadornil
09194;Lerma
09195;Llano de Bureba
09196;Madrigal del Monte
09197;Madrigalejo del Monte
09198;Mahamud
09199;Mambrilla de Castrejon
09200;Mambrillas de Lara
09201;Mamolar
09202;Manciles
09206;Mazuela
09208;Mecerreyes
09209;Medina de Pomar
09211;Melgar de Fernamental
09213;Merindad de Cuesta-Urria
09214;Merindad de Montija
09215;Merindad de Sotoscueva
09216;Merindad de Valdeporres
09217;Merindad de Valdivielso
09218;Milagros
09219;Miranda de Ebro
09220;Miraveche
09221;Modubar de la Emparedada
09223;Monasterio de la Sierra
09224;Monasterio de Rodilla
09225;Moncalvillo
09226;Monterrubio de la Demanda
09227;Montorio
09228;Moradillo de Roa
09229;Nava de Roa
09230;Navas de Bureba
09231;Nebreda
09232;Neila
09235;Olmedillo de Roa
09236;Olmillos de Muno
09238;Ona
09239;Oquillas
09241;Orbaneja Riopico
09242;Padilla de Abajo
09243;Padilla de Arriba
09244;Padrones de Bureba
09246;Palacios de la Sierra
09247;Palacios de Riopisuerga
09248;Palazuelos de la Sierra
09249;Palazuelos de Muno
09250;Pampliega
09251;Pancorbo
09253;Pardilla
09255;Partido de la Sierra en Tobalina
09256;Pedrosa de Duero
09257;Pedrosa del Paramo
09258;Pedrosa del Principe
09259;Pedrosa de Rio Urbel
09261;Penaranda de Duero
09262;Peral de Arlanza
09265;Piernigas
09266;Pineda de la Sierra
09267;Pineda Trasmonte
09268;Pinilla de los Barruecos
09269;Pinilla de los Moros
09270;Pinilla Trasmonte
09272;Poza de la Sal
09273;Pradanos de Bureba
09274;Pradoluengo
09275;Presencio
09276;Puebla de Arganzon, La
09277;Puentedura
09279;Quemada
09280;Quintanabureba
09281;Quintana del Pidio
09283;Quintanaelez
09287;Quintanaortuno
09288;Quintanapalla
09289;Quintanar de la Sierra
09292;Quintanavides
09294;Quintanilla de la Mata
09295;Quintanilla del Coco
09297;Quintanillas, Las
09298;Quintanilla San Garcia
09301;Quintanilla Vivar
09302;Rabanera del Pinar
09303;Rabanos
09304;Rabe de las Calzadas
09306;Rebolledo de la Torre
09307;Redecilla del Camino
09308;Redecilla del Campo
09309;Regumiel de la Sierra
09310;Reinoso
09311;Retuerta
09312;Revilla y Ahedo, La
09314;Revilla del Campo
09315;Revillarruz
09316;Revilla Vallejera
09317;Rezmondo
09318;Riocavado de la Sierra
09321;Roa
09323;Rojas
09325;Royuela de Rio Franco
09326;Rubena
09327;Rublacedo de Abajo
09328;Rucandio
09329;Salas de Bureba
09330;Salas de los Infantes
09332;Saldana de Burgos
09334;Salinillas de Bureba
09335;San Adrian de Juarros
09337;San Juan del Monte
09338;San Mames de Burgos
09339;San Martin de Rubiales
09340;San Millan de Lara
09343;Santa Cecilia
09345;Santa Cruz de la Salceda
09346;Santa Cruz del Valle Urbion
09347;Santa Gadea del Cid
09348;Santa Ines
09350;Santa Maria del Campo
09351;Santa Maria del Invierno
09352;Santa Maria del Mercadillo
09353;Santa Maria Rivarredonda
09354;Santa Olalla de Bureba
09355;Santibanez de Esgueva
09356;Santibanez del Val
09358;Santo Domingo de Silos
09360;San Vicente del Valle
09361;Sargentes de la Lora
09362;Sarracin
09363;Sasamon
09365;Sequera de Haza, La
09366;Solarana
09368;Sordillos
09369;Sotillo de la Ribera
09372;Sotragero
09373;Sotresgudo
09374;Susinos del Paramo
09375;Tamaron
09377;Tardajos
09378;Tejada
09380;Terradillos de Esgueva
09381;Tinieblas de la Sierra
09382;Tobar
09384;Tordomar
09386;Torrecilla del Monte
09387;Torregalindo
09388;Torrelara
09389;Torrepadre
09390;Torresandino
09391;Tortoles de Esgueva
09392;Tosantos
09394;Trespaderne
09395;Tubilla del Agua
09396;Tubilla del Lago
09398;Urbel del Castillo
09400;Vadocondes
09403;Valdeande
09405;Valdezate
09406;Valdorros
09407;Valmala
09408;Vallarta de Bureba
09409;Valle de Manzanedo
09410;Valle de Mena
09411;Valle de Oca
09412;Valle de Tobalina
09413;Valle de Valdebezana
09414;Valle de Valdelaguna
09415;Valle de Valdelucio
09416;Valle de Zamanzas
09417;Vallejera
09418;Valles de Palenzuela
09419;Valluercanes
09421;Vid y Barrios, La
09422;Vid de Bureba, La
09423;Vilena
09424;Viloria de Rioja
09425;Vilviestre del Pinar
09427;Villadiego
09428;Villaescusa de Roa
09429;Villaescusa la Sombria
09430;Villaespasa
09431;Villafranca Montes de Oca
09432;Villafruela
09433;Villagalijo
09434;Villagonzalo Pedernales
09437;Villahoz
09438;Villalba de Duero
09439;Villalbilla de Burgos
09440;Villalbilla de Gumiel
09441;Villaldemiro
09442;Villalmanzo
09443;Villamayor de los Montes
09444;Villamayor de Trevino
09445;Villambistia
09446;Villamedianilla
09447;Villamiel de la Sierra
09448;Villangomez
09449;Villanueva de Argano
09450;Villanueva de Carazo
09451;Villanueva de Gumiel
09454;Villanueva de Teba
09455;Villaquiran de la Puebla
09456;Villaquiran de los Infantes
09458;Villariezo
09460;Villasandino
09463;Villasur de Herreros
09464;Villatuelda
09466;Villaverde del Monte
09467;Villaverde-Mogina
09471;Villayerno Morquillas
09472;Villazopeque
09473;Villegas
09476;Villoruebo
09478;Vizcainos
09480;Zael
09482;Zarzosa de Rio Pisuerga
09483;Zazuar
09485;Zuneda
09901;Quintanilla del Agua y Tordueles
09902;Valle de Santibanez
09903;Villarcayo de Merindad de Castilla la Vieja
09904;Valle de las Navas
09905;Valle de Sedano
09906;Merindad de Rio Ubierna
09907;Alfoz de Quintanaduenas
09908;Valle de Losa
11001;Alcala de los Gazules
11002;Alcala del Valle
11003;Algar
11004;Algeciras
11005;Algodonales
11006;Arcos de la Frontera
11007;Barbate
11008;Barrios, Los
11009;Benaocaz
11010;Bornos
11011;Bosque, El
11012;Cadiz
11013;Castellar de la Frontera
11014;Conil de la Frontera
11015;Chiclana de la Frontera
11016;Chipiona
11017;Espera
11018;Gastor, El
11019;Grazalema
11020;Jerez de la Frontera
11021;Jimena de la Frontera
11022;Linea de la Concepcion, La
11023;Medina-Sidonia
11024;Olvera
11025;Paterna de Rivera
11026;Prado del Rey
11027;Puerto de Santa Maria, El
11028;Puerto Real
11029;Puerto Serrano
11030;Rota
11031;San Fernando
11032;Sanlucar de Barrameda
11033;San Roque
11034;Setenil de las Bodegas
11035;Tarifa
11036;Torre Alhaquime
11037;Trebujena
11038;Ubrique
11039;Vejer de la Frontera
11040;Villaluenga del Rosario
11041;Villamartin
11042;Zahara
11901;Benalup-Casas Viejas
11902;San Jose del Valle
12001;Atzeneta del Maestrat
12002;Ain
12003;Albocasser
12004;Alcala de Xivert
12005;Alcora, l
12006;Alcudia de Veo
12007;Alfondeguilla
12008;Algimia de Almonacid
12009;Almazora/Almassora
12010;Almedijar
12011;Almenara
12012;Altura
12013;Aranuel
12014;Ares del Maestrat
12015;Argelita
12016;Artana
12017;Ayodar
12018;Azuebar
12020;Barracas
12021;Betxi
12022;Bejis
12024;Benafer
12025;Benafigos
12026;Benasal
12027;Benicarlo
12028;Benicasim/Benicassim
12029;Benlloch
12031;Borriol
12032;Borriana/Burriana
12033;Cabanes
12034;Calig
12036;Canet lo Roig
12037;Castell de Cabres
12038;Castellfort
12039;Castellnovo
12040;Castellon de la Plana/Castello de la Plana
12041;Castillo de Villamalefa
12042;Cati
12043;Caudiel
12044;Cervera del Maestre
12045;Cinctorres
12046;Cirat
12048;Cortes de Arenoso
12049;Costur
12050;Coves de Vinroma, les
12051;Culla
12052;Chert/Xert
12053;Chilches/Xilxes
12055;Chodos/Xodos
12056;Chovar
12057;Eslida
12058;Espadilla
12059;Fanzara
12060;Figueroles
12061;Forcall
12063;Fuente la Reina
12064;Fuentes de Ayodar
12065;Gaibiel
12067;Geldo
12068;Herbes
12069;Higueras
12070;Jana, la
12071;Jerica
12072;Lucena del Cid
12073;Ludiente
12074;Llosa, la
12075;Mata de Morella, la
12076;Matet
12077;Moncofa
12078;Montan
12079;Montanejos
12080;Morella
12081;Navajas
12082;Nules
12083;Olocau del Rey
12084;Onda
12085;Oropesa del Mar/Orpesa
12087;Palanques
12088;Pavias
12089;Peniscola/Peniscola
12090;Pina de Montalgrao
12091;Portell de Morella
12092;Puebla de Arenoso
12093;Pobla de Benifassa, la
12094;Pobla Tornesa, la
12095;Ribesalbes
12096;Rossell
12097;Sacanet
12098;Salzadella, la
12099;Sant Jordi/San Jorge
12100;Sant Mateu
12101;San Rafael del Rio
12102;Santa Magdalena de Pulpis
12103;Sarratella
12104;Segorbe
12105;Sierra Engarceran
12106;Soneja
12107;Sot de Ferrer
12108;Sueras/Suera
12109;Tales
12110;Teresa
12111;Tirig
12112;Todolella
12113;Toga
12114;Toras
12115;Toro, El
12116;Torralba del Pinar
12117;Torreblanca
12118;Torrechiva
12119;Torre dEn Besora, la
12120;Torre den Domenec, la
12121;Traiguera
12122;Useras/Useres, les
12123;Vallat
12124;Vall dAlba
12125;Vall de Almonacid
12126;Vall dUixo, la
12127;Vallibona
12128;Vilafames
12129;Villafranca del Cid/Vilafranca
12130;Villahermosa del Rio
12131;Villamalur
12132;Vilanova dAlcolea
12133;Villanueva de Viver
12134;Vilar de Canes
12135;Vila-real
12136;Vilavella, la
12137;Villores
12138;Vinaros
12139;Vistabella del Maestrazgo
12140;Viver
12141;Zorita del Maestrazgo
12142;Zucaina
12901;Alquerias del Nino Perdido
12902;Sant Joan de Moro
13001;Abenojar
13002;Agudo
13003;Alamillo
13004;Albaladejo
13005;Alcazar de San Juan
13006;Alcoba
13007;Alcolea de Calatrava
13008;Alcubillas
13009;Aldea del Rey
13010;Alhambra
13011;Almaden
13012;Almadenejos
13013;Almagro
13014;Almedina
13015;Almodovar del Campo
13016;Almuradiel
13017;Anchuras
13018;Arenas de San Juan
13019;Argamasilla de Alba
13020;Argamasilla de Calatrava
13021;Arroba de los Montes
13022;Ballesteros de Calatrava
13023;Bolanos de Calatrava
13024;Brazatortas
13025;Cabezarados
13026;Cabezarrubias del Puerto
13027;Calzada de Calatrava
13028;Campo de Criptana
13029;Canada de Calatrava
13030;Caracuel de Calatrava
13031;Carrion de Calatrava
13032;Carrizosa
13033;Castellar de Santiago
13034;Ciudad Real
13035;Corral de Calatrava
13036;Cortijos, Los
13037;Cozar
13038;Chillon
13039;Daimiel
13040;Fernan Caballero
13041;Fontanarejo
13042;Fuencaliente
13043;Fuenllana
13044;Fuente el Fresno
13045;Granatula de Calatrava
13046;Guadalmez
13047;Herencia
13048;Hinojosas de Calatrava
13049;Horcajo de los Montes
13050;Labores, Las
13051;Luciana
13052;Malagon
13053;Manzanares
13054;Membrilla
13055;Mestanza
13056;Miguelturra
13057;Montiel
13058;Moral de Calatrava
13059;Navalpino
13060;Navas de Estena
13061;Pedro Munoz
13062;Picon
13063;Piedrabuena
13064;Poblete
13065;Porzuna
13066;Pozuelo de Calatrava
13067;Pozuelos de Calatrava, Los
13068;Puebla de Don Rodrigo
13069;Puebla del Principe
13070;Puerto Lapice
13071;Puertollano
13072;Retuerta del Bullaque
13073;Saceruela
13074;San Carlos del Valle
13075;San Lorenzo de Calatrava
13076;Santa Cruz de los Canamos
13077;Santa Cruz de Mudela
13078;Socuellamos
13079;Solana, La
13080;Solana del Pino
13081;Terrinches
13082;Tomelloso
13083;Torralba de Calatrava
13084;Torre de Juan Abad
13085;Torrenueva
13086;Valdemanco del Esteras
13087;Valdepenas
13088;Valenzuela de Calatrava
13089;Villahermosa
13090;Villamanrique
13091;Villamayor de Calatrava
13092;Villanueva de la Fuente
13093;Villanueva de los Infantes
13094;Villanueva de San Carlos
13095;Villar del Pozo
13096;Villarrubia de los Ojos
13097;Villarta de San Juan
13098;Viso del Marques
13901;Robledo, El
13902;Ruidera
15001;Abegondo
15002;Ames
15003;Aranga
15004;Ares
15005;Arteixo
15006;Arzua
15007;Bana, A
15008;Bergondo
15009;Betanzos
15010;Boimorto
15011;Boiro
15012;Boqueixon
15013;Brion
15014;Cabana de Bergantinos
15015;Cabanas
15016;Camarinas
15017;Cambre
15018;Capela, A
15019;Carballo
15020;Carnota
15021;Carral
15022;Cedeira
15023;Cee
15024;Cerceda
15025;Cerdido
15027;Coiros
15028;Corcubion
15029;Coristanco
15030;Coruna, A
15031;Culleredo
15032;Curtis
15033;Dodro
15034;Dumbria
15035;Fene
15036;Ferrol
15037;Fisterra
15038;Frades
15039;Irixoa
15040;Laxe
15041;Laracha, A
15042;Lousame
15043;Malpica de Bergantinos
15044;Manon
15045;Mazaricos
15046;Melide
15047;Mesia
15048;Mino
15049;Moeche
15050;Monfero
15051;Mugardos
15052;Muxia
15053;Muros
15054;Naron
15055;Neda
15056;Negreira
15057;Noia
15058;Oleiros
15059;Ordes
15060;Oroso
15061;Ortigueira
15062;Outes
15064;Paderne
15065;Padron
15066;Pino, O
15067;Pobra do Caraminal, A
15068;Ponteceso
15069;Pontedeume
15070;Pontes de Garcia Rodriguez, As
15071;Porto do Son
15072;Rianxo
15073;Ribeira
15074;Rois
15075;Sada
15076;San Sadurnino
15077;Santa Comba
15078;Santiago de Compostela
15079;Santiso
15080;Sobrado
15081;Somozas, As
15082;Teo
15083;Toques
15084;Tordoia
15085;Touro
15086;Trazo
15087;Valdovino
15088;Val do Dubra
15089;Vedra
15090;Vilasantar
15091;Vilarmaior
15092;Vimianzo
15093;Zas
15901;Carino
20001;Abaltzisketa
20002;Aduna
20003;Aizarnazabal
20004;Albiztur
20005;Alegia
20006;Alkiza
20007;Altzo
20008;Amezketa
20009;Andoain
20010;Anoeta
20011;Antzuola
20012;Arama
20013;Aretxabaleta
20014;Asteasu
20015;Ataun
20016;Aia
20017;Azkoitia
20018;Azpeitia
20019;Beasain
20020;Beizama
20021;Belauntza
20022;Berastegi
20023;Berrobi
20024;Bidegoian
20025;Zegama
20026;Zerain
20027;Zestoa
20028;Zizurkil
20029;Deba
20030;Eibar
20031;Elduain
20032;Elgoibar
20033;Elgeta
20034;Eskoriatza
20035;Ezkio-Itsaso
20036;Hondarribia
20037;Gaintza
20038;Gabiria
20039;Getaria
20040;Hernani
20041;Hernialde
20042;Ibarra
20043;Idiazabal
20044;Ikaztegieta
20045;Irun
20046;Irura
20047;Itsasondo
20048;Larraul
20049;Lazkao
20050;Leaburu
20051;Legazpi
20052;Legorreta
20053;Lezo
20054;Lizartza
20055;Arrasate/Mondragon
20056;Mutriku
20057;Mutiloa
20058;Olaberria
20059;Onati
20060;Orexa
20061;Orio
20062;Ormaiztegi
20063;Oiartzun
20064;Pasaia
20065;Soraluze-Placencia de las Armas
20066;Errezil
20067;Errenteria
20068;Leintz-Gatzaga
20069;Donostia-San Sebastian
20070;Segura
20071;Tolosa
20072;Urnieta
20073;Usurbil
20074;Bergara
20075;Villabona
20076;Ordizia
20077;Urretxu
20078;Zaldibia
20079;Zarautz
20080;Zumarraga
20081;Zumaia
20901;Mendaro
20902;Lasarte-Oria
20903;Astigarraga
20904;Baliarrain
20905;Orendain
20906;Altzaga
20907;Gaztelu
18001;Agron
18002;Alamedilla
18003;Albolote
18004;Albondon
18005;Albunan
18006;Albunol
18007;Albunuelas
18010;Aldeire
18011;Alfacar
18012;Algarinejo
18013;Alhama de Granada
18014;Alhendin
18015;Alicun de Ortega
18016;Almegijar
18017;Almunecar
18018;Alquife
18020;Arenas del Rey
18021;Armilla
18022;Atarfe
18023;Baza
18024;Beas de Granada
18025;Beas de Guadix
18027;Benalua
18028;Benalua de las Villas
18029;Benamaurel
18030;Berchules
18032;Bubion
18033;Busquistar
18034;Cacin
18035;Cadiar
18036;Cajar
18037;Calicasas
18038;Campotejar
18039;Caniles
18040;Canar
18042;Capileira
18043;Carataunas
18044;Castaras
18045;Castillejar
18046;Castril
18047;Cenes de la Vega
18048;Cijuela
18049;Cogollos de Guadix
18050;Cogollos de la Vega
18051;Colomera
18053;Cortes de Baza
18054;Cortes y Graena
18056;Cullar
18057;Cullar Vega
18059;Chauchina
18061;Chimeneas
18062;Churriana de la Vega
18063;Darro
18064;Dehesas de Guadix
18066;Deifontes
18067;Diezma
18068;Dilar
18069;Dolar
18070;Dudar
18071;Durcal
18072;Escuzar
18074;Ferreira
18076;Fonelas
18078;Freila
18079;Fuente Vaqueros
18082;Galera
18083;Gobernador
18084;Gojar
18085;Gor
18086;Gorafe
18087;Granada
18088;Guadahortuna
18089;Guadix
18093;Gualchos
18094;Guejar Sierra
18095;Guevejar
18096;Huelago
18097;Hueneja
18098;Huescar
18099;Huetor de Santillan
18100;Huetor Tajar
18101;Huetor Vega
18102;Illora
18103;Itrabo
18105;Iznalloz
18107;Jayena
18108;Jerez del Marquesado
18109;Jete
18111;Jun
18112;Juviles
18114;Calahorra, La
18115;Lachar
18116;Lanjaron
18117;Lanteira
18119;Lecrin
18120;Lentegi
18121;Lobras
18122;Loja
18123;Lugros
18124;Lujar
18126;Malaha, La
18127;Maracena
18128;Marchal
18132;Moclin
18133;Molvizar
18134;Monachil
18135;Montefrio
18136;Montejicar
18137;Montillana
18138;Moraleda de Zafayona
18140;Motril
18141;Murtas
18143;Niguelas
18144;Nivar
18145;Ogijares
18146;Orce
18147;Orgiva
18148;Otivar
18149;Otura
18150;Padul
18151;Pampaneira
18152;Pedro Martinez
18153;Peligros
18154;Peza, La
18157;Pinos Genil
18158;Pinos Puente
18159;Pinar
18161;Policar
18162;Polopos
18163;Portugos
18164;Puebla de Don Fadrique
18165;Pulianas
18167;Purullena
18168;Quentar
18170;Rubite
18171;Salar
18173;Salobrena
18174;Santa Cruz del Comercio
18175;Santa Fe
18176;Soportujar
18177;Sorvilan
18178;Torre-Cardela
18179;Torvizcon
18180;Trevelez
18181;Turon
18182;Ugijar
18183;Valor
18184;Velez de Benaudalla
18185;Ventas de Huelma
18187;Villanueva de las Torres
18188;Villanueva Mesia
18189;Viznar
18192;Zafarraya
18193;Zubia, La
18194;Zujar
18901;Taha, La
18902;Valle, El
18903;Nevada
18904;Alpujarra de la Sierra
18905;Gabias, Las
18906;Guajares, Los
18907;Valle del Zalabi
18908;Villamena
18909;Morelabor
18910;Pinar, El
18911;Vegas del Genil
18912;Cuevas del Campo
18913;Zagra
21001;Alajar
21002;Aljaraque
21003;Almendro, El
21004;Almonaster la Real
21005;Almonte
21006;Alosno
21007;Aracena
21008;Aroche
21009;Arroyomolinos de Leon
21010;Ayamonte
21011;Beas
21012;Berrocal
21013;Bollullos Par del Condado
21014;Bonares
21015;Cabezas Rubias
21016;Cala
21017;Calanas
21018;Campillo, El
21019;Campofrio
21020;Canaveral de Leon
21021;Cartaya
21022;Castano del Robledo
21023;Cerro de Andevalo, El
21024;Corteconcepcion
21025;Cortegana
21026;Cortelazor
21027;Cumbres de Enmedio
21028;Cumbres de San Bartolome
21029;Cumbres Mayores
21030;Chucena
21031;Encinasola
21032;Escacena del Campo
21033;Fuenteheridos
21034;Galaroza
21035;Gibraleon
21036;Granada de Rio-Tinto, La
21037;Granado, El
21038;Higuera de la Sierra
21039;Hinojales
21040;Hinojos
21041;Huelva
21042;Isla Cristina
21043;Jabugo
21044;Lepe
21045;Linares de la Sierra
21046;Lucena del Puerto
21047;Manzanilla
21048;Marines, Los
21049;Minas de Riotinto
21050;Moguer
21051;Nava, La
21052;Nerva
21053;Niebla
21054;Palma del Condado, La
21055;Palos de la Frontera
21056;Paterna del Campo
21057;Paymogo
21058;Puebla de Guzman
21059;Puerto Moral
21060;Punta Umbria
21061;Rociana del Condado
21062;Rosal de la Frontera
21063;San Bartolome de la Torre
21064;San Juan del Puerto
21065;Sanlucar de Guadiana
21066;San Silvestre de Guzman
21067;Santa Ana la Real
21068;Santa Barbara de Casa
21069;Santa Olalla del Cala
21070;Trigueros
21071;Valdelarco
21072;Valverde del Camino
21073;Villablanca
21074;Villalba del Alcor
21075;Villanueva de las Cruces
21076;Villanueva de los Castillejos
21077;Villarrasa
21078;Zalamea la Real
21079;Zufre
23001;Albanchez de Magina
23002;Alcala la Real
23003;Alcaudete
23004;Aldeaquemada
23005;Andujar
23006;Arjona
23007;Arjonilla
23008;Arquillos
23009;Baeza
23010;Bailen
23011;Banos de la Encina
23012;Beas de Segura
23014;Begijar
23015;Belmez de la Moraleda
23016;Benatae
23017;Cabra del Santo Cristo
23018;Cambil
23019;Campillo de Arenas
23020;Canena
23021;Carboneros
23024;Carolina, La
23025;Castellar
23026;Castillo de Locubin
23027;Cazalilla
23028;Cazorla
23029;Chiclana de Segura
23030;Chilluevar
23031;Escanuela
23032;Espeluy
23033;Frailes
23034;Fuensanta de Martos
23035;Fuerte del Rey
23037;Genave
23038;Guardia de Jaen, La
23039;Guarroman
23040;Lahiguera
23041;Higuera de Calatrava
23042;Hinojares
23043;Hornos
23044;Huelma
23045;Huesa
23046;Ibros
23047;Iruela, La
23048;Iznatoraf
23049;Jabalquinto
23050;Jaen
23051;Jamilena
23052;Jimena
23053;Jodar
23054;Larva
23055;Linares
23056;Lopera
23057;Lupion
23058;Mancha Real
23059;Marmolejo
23060;Martos
23061;Mengibar
23062;Montizon
23063;Navas de San Juan
23064;Noalejo
23065;Orcera
23066;Peal de Becerro
23067;Pegalajar
23069;Porcuna
23070;Pozo Alcon
23071;Puente de Genave
23072;Puerta de Segura, La
23073;Quesada
23074;Rus
23075;Sabiote
23076;Santa Elena
23077;Santiago de Calatrava
23079;Santisteban del Puerto
23080;Santo Tome
23081;Segura de la Sierra
23082;Siles
23084;Sorihuela del Guadalimar
23085;Torreblascopedro
23086;Torre del Campo
23087;Torredonjimeno
23088;Torreperogil
23090;Torres
23091;Torres de Albanchez
23092;Ubeda
23093;Valdepenas de Jaen
23094;Vilches
23095;Villacarrillo
23096;Villanueva de la Reina
23097;Villanueva del Arzobispo
23098;Villardompardo
23099;Villares, Los
23101;Villarrodrigo
23901;Carcheles
23902;Bedmar y Garciez
23903;Villatorres
23904;Santiago-Pontones
25001;Abella de la Conca
25002;Ager
25003;Agramunt
25004;Alamus, Els
25005;Alas i Cerc
25006;Albages, L
25007;Albatarrec
25008;Albesa
25009;Albi, L
25010;Alcano
25011;Alcarras
25012;Alcoletge
25013;Alfarras
25014;Alfes
25015;Algerri
25016;Alguaire
25017;Alins
25019;Almacelles
25020;Almatret
25021;Almenar
25022;Alos de Balaguer
25023;Alpicat
25024;Alt Aneu
25025;Naut Aran
25027;Anglesola
25029;Arbeca
25030;Pont de Bar, El
25031;Arres
25032;Arseguel
25033;Artesa de Lleida
25034;Artesa de Segre
25035;Sentiu de Sio, La
25036;Aspa
25037;Avellanes i Santa Linya, Les
25038;Aitona
25039;Baix Pallars
25040;Balaguer
25041;Barbens
25042;Baronia de Rialb, La
25043;Vall de Boi, La
25044;Bassella
25045;Bausen
25046;Belianes
25047;Bellcaire dUrgell
25048;Bell-lloc dUrgell
25049;Bellmunt dUrgell
25050;Bellpuig
25051;Bellver de Cerdanya
25052;Bellvis
25053;Benavent de Segria
25055;Biosca
25056;Bovera
25057;Bordes, Es
25058;Borges Blanques, Les
25059;Bossost
25060;Cabanabona
25061;Cabo
25062;Camarasa
25063;Canejan
25064;Castellar de la Ribera
25067;Castelldans
25068;Castellnou de Seana
25069;Castello de Farfanya
25070;Castellsera
25071;Cava
25072;Cervera
25073;Cervia de les Garrigues
25074;Ciutadilla
25075;Clariana de Cardener
25076;Cogul, El
25077;Coll de Nargo
25078;Corbins
25079;Cubells
25081;Espluga Calba, L
25082;Espot
25085;Estaras
25086;Esterri dAneu
25087;Esterri de Cardos
25088;Estamariu
25089;Farrera
25092;Floresta, La
25093;Fondarella
25094;Foradada
25096;Fuliola, La
25097;Fulleda
25098;Gavet de la Conca
25099;Golmes
25100;Gosol
25101;Granadella, La
25102;Granja dEscarp, La
25103;Granyanella
25104;Granyena de Segarra
25105;Granyena de les Garrigues
25109;Guimera
25110;Guissona
25111;Guixers
25112;Ivars de Noguera
25113;Ivars dUrgell
25114;Ivorra
25115;Isona i Conca Della
25118;Juncosa
25119;Juneda
25120;Lleida
25121;Les
25122;Linyola
25123;Lladorre
25124;Lladurs
25125;Llardecans
25126;Llavorsi
25127;Lles de Cerdanya
25128;Llimiana
25129;Llobera
25130;Malda
25131;Massalcoreig
25132;Massoteres
25133;Maials
25134;Menarguens
25135;Miralcamp
25136;Molsosa, La
25137;Mollerussa
25138;Montgai
25139;Montella i Martinet
25140;Montferrer i Castellbo
25141;Montoliu de Segarra
25142;Montoliu de Lleida
25143;Montornes de Segarra
25145;Nalec
25146;Naves
25148;Oden
25149;Oliana
25150;Oliola
25151;Olius
25152;Oluges, Les
25153;Omellons, Els
25154;Omells de na Gaia, Els
25155;Organya
25156;Os de Balaguer
25157;Osso de Sio
25158;Palau dAnglesola, El
25161;Conca de Dalt
25163;Coma i la Pedra, La
25164;Penelles
25165;Peramola
25166;Pinell de Solsones
25167;Pinos
25168;Poal, El
25169;Pobla de Cervoles, La
25170;Bellaguarda
25171;Pobla de Segur, La
25172;Ponts
25173;Pont de Suert, El
25174;Portella, La
25175;Prats i Sansor
25176;Preixana
25177;Preixens
25179;Prullans
25180;Puiggros
25181;Puigverd dAgramunt
25182;Puigverd de Lleida
25183;Rialp
25185;Ribera dUrgellet
25186;Riner
25189;Rossello
25190;Salas de Pallars
25191;Sanauja
25192;Sant Guim de Freixenet
25193;Sant Llorenc de Morunys
25194;Sant Ramon
25196;Sant Esteve de la Sarga
25197;Sant Guim de la Plana
25200;Sarroca de Lleida
25201;Sarroca de Bellera
25202;Senterada
25203;Seu dUrgell, La
25204;Seros
25205;Sidamon
25206;Soleras, El
25207;Solsona
25208;Soriguera
25209;Sort
25210;Soses
25211;Sudanell
25212;Sunyer
25215;Talarn
25216;Talavera
25217;Tarrega
25218;Tarres
25219;Tarroja de Segarra
25220;Termens
25221;Tirvia
25222;Tiurana
25223;Tora
25224;Torms, Els
25225;Tornabous
25226;Torrebesses
25227;Torre de Cabdella, La
25228;Torrefarrera
25230;Torregrossa
25231;Torrelameu
25232;Torres de Segre
25233;Torre-serona
25234;Tremp
25238;Vallbona de les Monges
25239;Valls de Valira, Les
25240;Vallfogona de Balaguer
25242;Verdu
25243;Vielha e Mijaran
25244;Vilagrassa
25245;Vilaller
25247;Vilamos
25248;Vilanova de Bellpuig
25249;Vilanova de lAguda
25250;Vilanova de Meia
25251;Vilanova de Segria
25252;Vila-sana
25253;Vilosell, El
25254;Vilanova de la Barca
25255;Vinaixa
25901;Vall de Cardos
25902;Sant Marti de Riucorb
25903;Guingueta dAneu, La
25904;Castell de Mur
25905;Ribera dOndara
25906;Valls dAguilar, Les
25907;Torrefeta i Florejacs
25908;Figols i Alinya
25909;Vansa i Fornols, La
25910;Josa i Tuixen
25911;Plans de Sio, Els
25912;Gimenells i el Pla de la Font
28001;Acebeda, La
28002;Ajalvir
28003;Alameda del Valle
28004;Alamo, El
28005;Alcala de Henares
28006;Alcobendas
28007;Alcorcon
28008;Aldea del Fresno
28009;Algete
28010;Alpedrete
28011;Ambite
28012;Anchuelo
28013;Aranjuez
28014;Arganda del Rey
28016;Atazar, El
28017;Batres
28018;Becerril de la Sierra
28019;Belmonte de Tajo
28020;Berzosa del Lozoya
28021;Berrueco, El
28022;Boadilla del Monte
28023;Boalo, El
28024;Braojos
28025;Brea de Tajo
28026;Brunete
28027;Buitrago del Lozoya
28028;Bustarviejo
28029;Cabanillas de la Sierra
28030;Cabrera, La
28031;Cadalso de los Vidrios
28032;Camarma de Esteruelas
28033;Campo Real
28034;Canencia
28035;Carabana
28036;Casarrubuelos
28037;Cenicientos
28038;Cercedilla
28039;Cervera de Buitrago
28040;Ciempozuelos
28041;Cobena
28042;Colmenar del Arroyo
28043;Colmenar de Oreja
28044;Colmenarejo
28045;Colmenar Viejo
28046;Collado Mediano
28047;Collado Villalba
28048;Corpa
28049;Coslada
28050;Cubas de la Sagra
28051;Chapineria
28052;Chinchon
28053;Daganzo de Arriba
28054;Escorial, El
28055;Estremera
28056;Fresnedillas de la Oliva
28057;Fresno de Torote
28058;Fuenlabrada
28059;Fuente el Saz de Jarama
28060;Fuentiduena de Tajo
28061;Galapagar
28062;Garganta de los Montes
28063;Gargantilla del Lozoya y Pinilla de Buitrago
28064;Gascones
28065;Getafe
28066;Grinon
28067;Guadalix de la Sierra
28068;Guadarrama
28069;Hiruela, La
28070;Horcajo de la Sierra-Aoslos
28071;Horcajuelo de la Sierra
28072;Hoyo de Manzanares
28073;Humanes de Madrid
28074;Leganes
28075;Loeches
28076;Lozoya
28078;Madarcos
28079;Madrid
28080;Majadahonda
28082;Manzanares el Real
28083;Meco
28084;Mejorada del Campo
28085;Miraflores de la Sierra
28086;Molar, El
28087;Molinos, Los
28088;Montejo de la Sierra
28089;Moraleja de Enmedio
28090;Moralzarzal
28091;Morata de Tajuna
28092;Mostoles
28093;Navacerrada
28094;Navalafuente
28095;Navalagamella
28096;Navalcarnero
28097;Navarredonda y San Mames
28099;Navas del Rey
28100;Nuevo Baztan
28101;Olmeda de las Fuentes
28102;Orusco de Tajuna
28104;Paracuellos de Jarama
28106;Parla
28107;Patones
28108;Pedrezuela
28109;Pelayos de la Presa
28110;Perales de Tajuna
28111;Pezuela de las Torres
28112;Pinilla del Valle
28113;Pinto
28114;Pinuecar-Gandullas
28115;Pozuelo de Alarcon
28116;Pozuelo del Rey
28117;Pradena del Rincon
28118;Puebla de la Sierra
28119;Quijorna
28120;Rascafria
28121;Reduena
28122;Ribatejada
28123;Rivas-Vaciamadrid
28124;Robledillo de la Jara
28125;Robledo de Chavela
28126;Robregordo
28127;Rozas de Madrid, Las
28128;Rozas de Puerto Real
28129;San Agustin del Guadalix
28130;San Fernando de Henares
28131;San Lorenzo de El Escorial
28132;San Martin de la Vega
28133;San Martin de Valdeiglesias
28134;San Sebastian de los Reyes
28135;Santa Maria de la Alameda
28136;Santorcaz
28137;Santos de la Humosa, Los
28138;Serna del Monte, La
28140;Serranillos del Valle
28141;Sevilla la Nueva
28143;Somosierra
28144;Soto del Real
28145;Talamanca de Jarama
28146;Tielmes
28147;Titulcia
28148;Torrejon de Ardoz
28149;Torrejon de la Calzada
28150;Torrejon de Velasco
28151;Torrelaguna
28152;Torrelodones
28153;Torremocha de Jarama
28154;Torres de la Alameda
28155;Valdaracete
28156;Valdeavero
28157;Valdelaguna
28158;Valdemanco
28159;Valdemaqueda
28160;Valdemorillo
28161;Valdemoro
28162;Valdeolmos-Alalpardo
28163;Valdepielagos
28164;Valdetorres de Jarama
28165;Valdilecha
28166;Valverde de Alcala
28167;Velilla de San Antonio
28168;Vellon, El
28169;Venturada
28170;Villaconejos
28171;Villa del Prado
28172;Villalbilla
28173;Villamanrique de Tajo
28174;Villamanta
28175;Villamantilla
28176;Villanueva de la Canada
28177;Villanueva del Pardillo
28178;Villanueva de Perales
28179;Villar del Olmo
28180;Villarejo de Salvanes
28181;Villaviciosa de Odon
28182;Villavieja del Lozoya
28183;Zarzalejo
28901;Lozoyuela-Navas-Sieteiglesias
28902;Puentes Viejas
28903;Tres Cantos
52001;Melilla
31001;Abaigar
31002;Abarzuza/Abartzuza
31003;Abaurregaina/Abaurrea Alta
31004;Abaurrepea/Abaurrea Baja
31005;Aberin
31006;Ablitas
31007;Adios
31008;Aguilar de Codes
31009;Aibar/Oibar
31010;Altsasu/Alsasua
31011;Allin/Allin
31012;Allo
31013;Amescoa Baja
31014;Ancin/Antzin
31015;Andosilla
31016;Ansoain/Antsoain
31017;Anue
31018;Anorbe
31019;Aoiz/Agoitz
31020;Araitz
31021;Aranarache/Aranaratxe
31022;Arantza
31023;Aranguren
31024;Arano
31025;Arakil
31026;Aras
31027;Arbizu
31028;Arce/Artzi
31029;Arcos, Los
31030;Arellano
31031;Areso
31032;Arguedas
31033;Aria
31034;Aribe
31035;Armananzas
31036;Arroniz
31037;Arruazu
31038;Artajona
31039;Artazu
31040;Atez
31041;Ayegui/Aiegi
31042;Azagra
31043;Azuelo
31044;Bakaiku
31045;Barasoain
31046;Barbarin
31047;Bargota
31048;Barillas
31049;Basaburua
31050;Baztan
31051;Beire
31052;Belascoain
31053;Berbinzana
31054;Bertizarana
31055;Betelu
31056;Biurrun-Olcoz
31057;Bunuel
31058;Auritz/Burguete
31059;Burgui/Burgi
31060;Burlada/Burlata
31061;Busto, El
31062;Cabanillas
31063;Cabredo
31064;Cadreita
31065;Caparroso
31066;Carcar
31067;Carcastillo
31068;Cascante
31069;Caseda
31070;Castejon
31071;Castillonuevo
31072;Cintruenigo
31073;Ziordia
31074;Cirauqui/Zirauki
31075;Ciriza/Ziritza
31076;Cizur
31077;Corella
31078;Cortes
31079;Desojo
31080;Dicastillo
31081;Donamaria
31082;Etxalar
31083;Echarri
31084;Etxarri-Aranatz
31085;Etxauri
31086;Egues
31087;Elgorriaga
31088;Noain (Valle de Elorz)/Noain (Elortzibar)
31089;Eneriz/Eneritz
31090;Eratsun
31091;Ergoiena
31092;Erro
31093;Ezcaroz/Ezkaroze
31094;Eslava
31095;Esparza de Salazar/Espartza Zaraitzu
31096;Espronceda
31097;Estella-Lizarra
31098;Esteribar
31099;Etayo
31100;Eulate
31101;Ezcabarte
31102;Ezkurra
31103;Ezprogui
31104;Falces
31105;Fitero
31106;Fontellas
31107;Funes
31108;Fustinana
31109;Galar
31110;Gallipienzo/Galipentzu
31111;Gallues/Galoze
31112;Garaioa
31113;Garde
31114;Garinoain
31115;Garralda
31116;Genevilla
31117;Goizueta
31118;Goni
31119;Guesa/Gorza
31120;Guesalaz/Gesalatz
31121;Guirguillano
31122;Huarte/Uharte
31123;Uharte-Arakil
31124;Ibargoiti
31125;Iguzquiza
31126;Imotz
31127;Iraneta
31128;Isaba/Izaba
31129;Ituren
31130;Iturmendi
31131;Iza/Itza
31132;Izagaondoa
31133;Izalzu/Itzaltzu
31134;Jaurrieta
31135;Javier
31136;Juslapena
31137;Beintza-Labaien
31138;Lakuntza
31139;Lana
31140;Lantz
31141;Lapoblacion
31142;Larraga
31143;Larraona
31144;Larraun
31145;Lazagurria
31146;Leache
31147;Legarda
31148;Legaria
31149;Leitza
31150;Leoz/Leotz
31151;Lerga
31152;Lerin
31153;Lesaka
31154;Lezaun
31155;Liedena
31156;Lizoain-Arriasgoiti
31157;Lodosa
31158;Longuida/Longida
31159;Lumbier
31160;Luquin
31161;Maneru
31162;Maranon
31163;Marcilla
31164;Melida
31165;Mendavia
31166;Mendaza
31167;Mendigorria
31168;Metauten
31169;Milagro
31170;Mirafuentes
31171;Miranda de Arga
31172;Monreal/Elo
31173;Monteagudo
31174;Morentin
31175;Mues
31176;Murchante
31177;Murieta
31178;Murillo el Cuende
31179;Murillo el Fruto
31180;Muruzabal
31181;Navascues/Nabaskoze
31182;Nazar
31183;Obanos
31184;Oco
31185;Ochagavia/Otsagabia
31186;Odieta
31187;Oitz
31188;Olaibar
31189;Olazti/Olazagutia
31190;Olejua
31191;Olite/Erriberri
31192;Oloriz/Oloritz
31193;Cendea de Olza/Oltza Zendea
31194;Ollo
31195;Orbaizeta
31196;Orbara
31197;Orisoain
31198;Oronz/Orontze
31199;Oroz-Betelu/Orotz-Betelu
31200;Oteiza
31201;Pamplona/Iruna
31202;Peralta/Azkoien
31203;Petilla de Aragon
31204;Piedramillera
31205;Pitillas
31206;Puente la Reina/Gares
31207;Pueyo
31208;Ribaforada
31209;Romanzado
31210;Roncal/Erronkari
31211;Orreaga/Roncesvalles
31212;Sada
31213;Saldias
31214;Salinas de Oro/Jaitz
31215;San Adrian
31216;Sanguesa/Zangoza
31217;San Martin de Unx
31219;Sansol
31220;Santacara
31221;Doneztebe/Santesteban
31222;Sarries/Sartze
31223;Sartaguda
31224;Sesma
31225;Sorlada
31226;Sunbilla
31227;Tafalla
31228;Tiebas-Muruarte de Reta
31229;Tirapu
31230;Torralba del Rio
31231;Torres del Rio
31232;Tudela
31233;Tulebras
31234;Ucar
31235;Ujue
31236;Ultzama
31237;Unciti
31238;Unzue/Untzue
31239;Urdazubi/Urdax
31240;Urdiain
31241;Urraul Alto
31242;Urraul Bajo
31243;Urroz-Villa
31244;Urrotz
31245;Urzainqui/Urzainki
31246;Uterga
31247;Uztarroz/Uztarroze
31248;Luzaide/Valcarlos
31249;Valtierra
31250;Bera
31251;Viana
31252;Vidangoz/Bidankoze
31253;Bidaurreta
31254;Villafranca
31255;Villamayor de Monjardin
31256;Hiriberri/Villanueva de Aezkoa
31257;Villatuerta
31258;Villava/Atarrabia
31259;Igantzi
31260;Valle de Yerri/Deierri
31261;Yesa
31262;Zabalza/Zabaltza
31263;Zubieta
31264;Zugarramurdi
31265;Zuniga
31901;Baranain
31902;Berrioplano/Berriobeiti
31903;Berriozar
31904;Irurtzun
31905;Beriain
31906;Orkoien
31907;Zizur Mayor/Zizur Nagusia
31908;Lekunberri
34001;Abarca de Campos
34003;Abia de las Torres
34004;Aguilar de Campoo
34005;Alar del Rey
34006;Alba de Cerrato
34009;Amayuelas de Arriba
34010;Ampudia
34011;Amusco
34012;Antiguedad
34015;Arconada
34017;Astudillo
34018;Autilla del Pino
34019;Autillo de Campos
34020;Ayuela
34022;Baltanas
34023;Venta de Banos
34024;Baquerin de Campos
34025;Barcena de Campos
34027;Barruelo de Santullan
34028;Bascones de Ojeda
34029;Becerril de Campos
34031;Belmonte de Campos
34032;Berzosilla
34033;Boada de Campos
34034;Boadilla del Camino
34035;Boadilla de Rioseco
34036;Branosera
34037;Buenavista de Valdavia
34038;Bustillo de la Vega
34039;Bustillo del Paramo de Carrion
34041;Calahorra de Boedo
34042;Calzada de los Molinos
34045;Capillas
34046;Cardenosa de Volpejera
34047;Carrion de los Condes
34048;Castil de Vela
34049;Castrejon de la Pena
34050;Castrillo de Don Juan
34051;Castrillo de Onielo
34052;Castrillo de Villavega
34053;Castromocho
34055;Cervatos de la Cueza
34056;Cervera de Pisuerga
34057;Cevico de la Torre
34058;Cevico Navero
34059;Cisneros
34060;Cobos de Cerrato
34061;Collazos de Boedo
34062;Congosto de Valdavia
34063;Cordovilla la Real
34066;Cubillas de Cerrato
34067;Dehesa de Montejo
34068;Dehesa de Romanos
34069;Duenas
34070;Espinosa de Cerrato
34071;Espinosa de Villagonzalo
34072;Frechilla
34073;Fresno del Rio
34074;Fromista
34076;Fuentes de Nava
34077;Fuentes de Valdepero
34079;Grijota
34080;Guardo
34081;Guaza de Campos
34082;Hermedes de Cerrato
34083;Herrera de Pisuerga
34084;Herrera de Valdecanas
34086;Hontoria de Cerrato
34087;Hornillos de Cerrato
34088;Husillos
34089;Itero de la Vega
34091;Lagartos
34092;Lantadilla
34093;Vid de Ojeda, La
34094;Ledigos
34096;Lomas
34098;Magaz de Pisuerga
34099;Manquillos
34100;Mantinos
34101;Marcilla de Campos
34102;Mazariegos
34103;Mazuecos de Valdeginate
34104;Melgar de Yuso
34106;Meneses de Campos
34107;Micieces de Ojeda
34108;Monzon de Campos
34109;Moratinos
34110;Muda
34112;Nogal de las Huertas
34113;Olea de Boedo
34114;Olmos de Ojeda
34116;Osornillo
34120;Palencia
34121;Palenzuela
34122;Paramo de Boedo
34123;Paredes de Nava
34124;Payo de Ojeda
34125;Pedraza de Campos
34126;Pedrosa de la Vega
34127;Perales
34129;Pino del Rio
34130;Pina de Campos
34131;Poblacion de Arroyo
34132;Poblacion de Campos
34133;Poblacion de Cerrato
34134;Polentinos
34135;Pomar de Valdivia
34136;Poza de la Vega
34137;Pozo de Urama
34139;Pradanos de Ojeda
34140;Puebla de Valdavia, La
34141;Quintana del Puente
34143;Quintanilla de Onsona
34146;Reinoso de Cerrato
34147;Renedo de la Vega
34149;Requena de Campos
34151;Respenda de la Pena
34152;Revenga de Campos
34154;Revilla de Collazos
34155;Ribas de Campos
34156;Riberos de la Cueza
34157;Saldana
34158;Salinas de Pisuerga
34159;San Cebrian de Campos
34160;San Cebrian de Muda
34161;San Cristobal de Boedo
34163;San Mames de Campos
34165;San Roman de la Cuba
34167;Santa Cecilia del Alcor
34168;Santa Cruz de Boedo
34169;Santervas de la Vega
34170;Santibanez de Ecla
34171;Santibanez de la Pena
34174;Santoyo
34175;Serna, La
34176;Sotobanado y Priorato
34177;Soto de Cerrato
34178;Tabanera de Cerrato
34179;Tabanera de Valdavia
34180;Tamara de Campos
34181;Tariego de Cerrato
34182;Torquemada
34184;Torremormojon
34185;Triollo
34186;Valbuena de Pisuerga
34189;Valdeolmillos
34190;Valderrabano
34192;Valde-Ucieza
34196;Valle de Cerrato
34199;Velilla del Rio Carrion
34201;Vertavillo
34202;Villabasta de Valdavia
34204;Villacidaler
34205;Villaconancio
34206;Villada
34208;Villaeles de Valdavia
34210;Villahan
34211;Villaherreros
34213;Villalaco
34214;Villalba de Guardo
34215;Villalcazar de Sirga
34216;Villalcon
34217;Villalobon
34218;Villaluenga de la Vega
34220;Villamartin de Campos
34221;Villamediana
34222;Villameriel
34223;Villamoronta
34224;Villamuera de la Cueza
34225;Villamuriel de Cerrato
34227;Villanueva del Rebollar
34228;Villanuno de Valdavia
34229;Villaprovedo
34230;Villarmentero de Campos
34231;Villarrabe
34232;Villarramiel
34233;Villasarracino
34234;Villasila de Valdavia
34236;Villaturde
34237;Villaumbrales
34238;Villaviudas
34240;Villerias de Campos
34241;Villodre
34242;Villodrigo
34243;Villoldo
34245;Villota del Paramo
34246;Villovieco
34901;Osorno la Mayor
34902;Valle del Retortillo
34903;Loma de Ucieza
34904;Pernia, La
36001;Arbo
36002;Barro
36003;Baiona
36004;Bueu
36005;Caldas de Reis
36006;Cambados
36007;Campo Lameiro
36008;Cangas
36009;Caniza, A
36010;Catoira
36013;Covelo
36014;Crecente
36015;Cuntis
36016;Dozon
36017;Estrada, A
36018;Forcarei
36019;Fornelos de Montes
36020;Agolada
36021;Gondomar
36022;Grove, O
36023;Guarda, A
36024;Lalin
36025;Lama, A
36026;Marin
36027;Meano
36028;Meis
36029;Moana
36030;Mondariz
36031;Mondariz-Balneario
36032;Morana
36033;Mos
36034;Neves, As
36035;Nigran
36036;Oia
36037;Pazos de Borben
36038;Pontevedra
36039;Porrino, O
36040;Portas
36041;Poio
36042;Ponteareas
36043;Ponte Caldelas
36044;Pontecesures
36045;Redondela
36046;Ribadumia
36047;Rodeiro
36048;Rosal, O
36049;Salceda de Caselas
36050;Salvaterra de Mino
36051;Sanxenxo
36052;Silleda
36053;Soutomaior
36054;Tomino
36055;Tui
36056;Valga
36057;Vigo
36058;Vilaboa
36059;Vila de Cruces
36060;Vilagarcia de Arousa
36061;Vilanova de Arousa
36901;Illa de Arousa, A
37001;Abusejo
37002;Agallas
37003;Ahigal de los Aceiteros
37004;Ahigal de Villarino
37005;Alameda de Gardon, La
37006;Alamedilla, La
37007;Alaraz
37008;Alba de Tormes
37009;Alba de Yeltes
37010;Alberca, La
37011;Albergueria de Arganan, La
37012;Alconada
37013;Aldeacipreste
37014;Aldeadavila de la Ribera
37015;Aldea del Obispo
37016;Aldealengua
37017;Aldeanueva de Figueroa
37018;Aldeanueva de la Sierra
37019;Aldearrodrigo
37020;Aldearrubia
37021;Aldeaseca de Alba
37022;Aldeaseca de la Frontera
37023;Aldeatejada
37024;Aldeavieja de Tormes
37025;Aldehuela de la Boveda
37026;Aldehuela de Yeltes
37027;Almenara de Tormes
37028;Almendra
37029;Anaya de Alba
37030;Anover de Tormes
37031;Arabayona de Mogica
37032;Arapiles
37033;Arcediano
37034;Arco, El
37035;Armenteros
37036;San Miguel del Robledo
37037;Atalaya, La
37038;Babilafuente
37039;Banobarez
37040;Barbadillo
37041;Barbalos
37042;Barceo
37044;Barruecopardo
37045;Bastida, La
37046;Bejar
37047;Belena
37049;Bermellar
37050;Berrocal de Huebra
37051;Berrocal de Salvatierra
37052;Boada
37054;Bodon, El
37055;Bogajo
37056;Bouza, La
37057;Boveda del Rio Almar
37058;Brincones
37059;Buenamadre
37060;Buenavista
37061;Cabaco, El
37062;Cabezabellosa de la Calzada
37063;Cabeza de Bejar, La
37065;Cabeza del Caballo
37067;Cabrerizos
37068;Cabrillas
37069;Calvarrasa de Abajo
37070;Calvarrasa de Arriba
37071;Calzada de Bejar, La
37072;Calzada de Don Diego
37073;Calzada de Valdunciel
37074;Campillo de Azaba
37077;Campo de Penaranda, El
37078;Candelario
37079;Canillas de Abajo
37080;Cantagallo
37081;Cantalapiedra
37082;Cantalpino
37083;Cantaracillo
37085;Carbajosa de la Sagrada
37086;Carpio de Azaba
37087;Carrascal de Barregas
37088;Carrascal del Obispo
37089;Casafranca
37090;Casas del Conde, Las
37091;Casillas de Flores
37092;Castellanos de Moriscos
37096;Castillejo de Martin Viejo
37097;Castraz
37098;Cepeda
37099;Cereceda de la Sierra
37100;Cerezal de Penahorcada
37101;Cerralbo
37102;Cerro, El
37103;Cespedosa de Tormes
37104;Cilleros de la Bastida
37106;Ciperez
37107;Ciudad Rodrigo
37108;Coca de Alba
37109;Colmenar de Montemayor
37110;Cordovilla
37112;Cristobal
37113;Cubo de Don Sancho, El
37114;Chagarcia Medianero
37115;Dios le Guarde
37116;Doninos de Ledesma
37117;Doninos de Salamanca
37118;Ejeme
37119;Encina, La
37120;Encina de San Silvestre
37121;Encinas de Abajo
37122;Encinas de Arriba
37123;Encinasola de los Comendadores
37124;Endrinal
37125;Escurial de la Sierra
37126;Espadana
37127;Espeja
37128;Espino de la Orbada
37129;Florida de Liebana
37130;Forfoleda
37131;Frades de la Sierra
37132;Fregeneda, La
37133;Fresnedoso
37134;Fresno Alhandiga
37135;Fuente de San Esteban, La
37136;Fuenteguinaldo
37137;Fuenteliante
37138;Fuenterroble de Salvatierra
37139;Fuentes de Bejar
37140;Fuentes de Onoro
37141;Gajates
37142;Galindo y Perahuy
37143;Galinduste
37144;Galisancho
37145;Gallegos de Arganan
37146;Gallegos de Solmiron
37147;Garcibuey
37148;Garcihernandez
37149;Garcirrey
37150;Gejuelo del Barro
37151;Golpejas
37152;Gomecello
37154;Guadramiro
37155;Guijo de Avila
37156;Guijuelo
37157;Herguijuela de Ciudad Rodrigo
37158;Herguijuela de la Sierra
37159;Herguijuela del Campo
37160;Hinojosa de Duero
37161;Horcajo de Montemayor
37162;Horcajo Medianero
37163;Hoya, La
37164;Huerta
37165;Iruelos
37166;Ituero de Azaba
37167;Juzbado
37168;Lagunilla
37169;Larrodrigo
37170;Ledesma
37171;Ledrada
37172;Linares de Riofrio
37173;Lumbrales
37174;Macotera
37175;Machacon
37176;Madronal
37177;Maillo, El
37178;Malpartida
37179;Mancera de Abajo
37180;Manzano, El
37181;Martiago
37182;Martinamor
37183;Martin de Yeltes
37184;Masueco
37185;Castellanos de Villiquera
37186;Mata de Ledesma, La
37187;Matilla de los Canos del Rio
37188;Maya, La
37189;Membribe de la Sierra
37190;Mieza
37191;Milano, El
37192;Miranda de Azan
37193;Miranda del Castanar
37194;Mogarraz
37195;Molinillo
37196;Monforte de la Sierra
37197;Monleon
37198;Monleras
37199;Monsagro
37200;Montejo
37201;Montemayor del Rio
37202;Monterrubio de Armuna
37203;Monterrubio de la Sierra
37204;Morasverdes
37205;Morille
37206;Morinigo
37207;Moriscos
37208;Moronta
37209;Mozarbez
37211;Narros de Matalayegua
37212;Navacarros
37213;Nava de Bejar
37214;Nava de Francia
37215;Nava de Sotrobal
37216;Navales
37217;Navalmoral de Bejar
37218;Navamorales
37219;Navarredonda de la Rinconada
37221;Navasfrias
37222;Negrilla de Palencia
37223;Olmedo de Camaces
37224;Orbada, La
37225;Pajares de la Laguna
37226;Palacios del Arzobispo
37228;Palaciosrubios
37229;Palencia de Negrilla
37230;Parada de Arriba
37231;Parada de Rubiales
37232;Paradinas de San Juan
37233;Pastores
37234;Payo, El
37235;Pedraza de Alba
37236;Pedrosillo de Alba
37237;Pedrosillo de los Aires
37238;Pedrosillo el Ralo
37239;Pedroso de la Armuna, El
37240;Pelabravo
37241;Pelarrodriguez
37242;Pelayos
37243;Pena, La
37244;Penacaballera
37245;Penaparda
37246;Penaranda de Bracamonte
37247;Penarandilla
37248;Peralejos de Abajo
37249;Peralejos de Arriba
37250;Perena de la Ribera
37251;Peromingo
37252;Pinedas
37253;Pino de Tormes, El
37254;Pitiegua
37255;Pizarral
37256;Poveda de las Cintas
37257;Pozos de Hinojo
37258;Puebla de Azaba
37259;Puebla de San Medel
37260;Puebla de Yeltes
37261;Puente del Congosto
37262;Puertas
37263;Puerto de Bejar
37264;Puerto Seguro
37265;Ragama
37266;Redonda, La
37267;Retortillo
37268;Rinconada de la Sierra, La
37269;Robleda
37270;Robliza de Cojos
37271;Rollan
37272;Saelices el Chico
37273;Sagrada, La
37274;Salamanca
37275;Saldeana
37276;Salmoral
37277;Salvatierra de Tormes
37278;San Cristobal de la Cuesta
37279;Sancti-Spiritus
37280;Sanchon de la Ribera
37281;Sanchon de la Sagrada
37282;Sanchotello
37283;Sando
37284;San Esteban de la Sierra
37285;San Felices de los Gallegos
37286;San Martin del Castanar
37287;San Miguel de Valero
37288;San Morales
37289;San Munoz
37290;San Pedro del Valle
37291;San Pedro de Rozados
37292;San Pelayo de Guarena
37293;Santa Maria de Sando
37294;Santa Marta de Tormes
37296;Santiago de la Puebla
37297;Santibanez de Bejar
37298;Santibanez de la Sierra
37299;Santiz
37300;Santos, Los
37301;Sardon de los Frailes
37302;Saucelle
37303;Sahugo, El
37304;Sepulcro-Hilario
37305;Sequeros
37306;Serradilla del Arroyo
37307;Serradilla del Llano
37309;Sierpe, La
37310;Sieteiglesias de Tormes
37311;Sobradillo
37312;Sorihuela
37313;Sotoserrano
37314;Tabera de Abajo
37315;Tala, La
37316;Tamames
37317;Tarazona de Guarena
37318;Tardaguila
37319;Tejado, El
37320;Tejeda y Segoyuela
37321;Tenebron
37322;Terradillos
37323;Topas
37324;Tordillos
37325;Tornadizo, El
37327;Torresmenudas
37328;Trabanca
37329;Tremedal de Tormes
37330;Valdecarros
37331;Valdefuentes de Sangusin
37332;Valdehijaderos
37333;Valdelacasa
37334;Valdelageve
37335;Valdelosa
37336;Valdemierque
37337;Valderrodrigo
37338;Valdunciel
37339;Valero
37340;Valsalabroso
37341;Valverde de Valdelacasa
37342;Valverdon
37343;Vallejera de Riofrio
37344;Vecinos
37345;Vega de Tirados
37346;Veguillas, Las
37347;Velles, La
37348;Ventosa del Rio Almar
37349;Vidola, La
37350;Vilvestre
37351;Villaflores
37352;Villagonzalo de Tormes
37353;Villalba de los Llanos
37354;Villamayor
37355;Villanueva del Conde
37356;Villar de Arganan
37357;Villar de Ciervo
37358;Villar de Gallimazo
37359;Villar de la Yegua
37360;Villar de Peralonso
37361;Villar de Samaniego
37362;Villares de la Reina
37363;Villares de Yeltes
37364;Villarino de los Aires
37365;Villarmayor
37366;Villarmuerto
37367;Villasbuenas
37368;Villasdardo
37369;Villaseco de los Gamitos
37370;Villaseco de los Reyes
37371;Villasrubias
37372;Villaverde de Guarena
37373;Villavieja de Yeltes
37374;Villoria
37375;Villoruela
37376;Vitigudino
37377;Yecla de Yeltes
37378;Zamarra
37379;Zamayon
37380;Zarapicos
37381;Zarza de Pumareda, La
37382;Zorita de la Frontera
40001;Abades
40002;Adrada de Piron
40003;Adrados
40004;Aguilafuente
40005;Alconada de Maderuelo
40006;Aldealcorvo
40007;Aldealengua de Pedraza
40008;Aldealengua de Santa Maria
40009;Aldeanueva de la Serrezuela
40010;Aldeanueva del Codonal
40012;Aldea Real
40013;Aldeasona
40014;Aldehorno
40015;Aldehuela del Codonal
40016;Aldeonte
40017;Anaya
40018;Ane
40019;Arahuetes
40020;Arcones
40021;Arevalillo de Cega
40022;Armuna
40024;Ayllon
40025;Barbolla
40026;Basardilla
40028;Bercial
40029;Bercimuel
40030;Bernardos
40031;Bernuy de Porreros
40032;Boceguillas
40033;Brieva
40034;Caballar
40035;Cabanas de Polendos
40036;Cabezuela
40037;Calabazas de Fuentiduena
40039;Campo de San Pedro
40040;Cantalejo
40041;Cantimpalos
40043;Carbonero el Mayor
40044;Carrascal del Rio
40045;Casla
40046;Castillejo de Mesleon
40047;Castro de Fuentiduena
40048;Castrojimeno
40049;Castroserna de Abajo
40051;Castroserracin
40052;Cedillo de la Torre
40053;Cerezo de Abajo
40054;Cerezo de Arriba
40055;Cilleruelo de San Mames
40056;Cobos de Fuentiduena
40057;Coca
40058;Codorniz
40059;Collado Hermoso
40060;Condado de Castilnovo
40061;Corral de Ayllon
40062;Cubillo
40063;Cuellar
40065;Chane
40068;Domingo Garcia
40069;Donhierro
40070;Duruelo
40071;Encinas
40072;Encinillas
40073;Escalona del Prado
40074;Escarabajosa de Cabezas
40075;Escobar de Polendos
40076;Espinar, El
40077;Espirdo
40078;Fresneda de Cuellar
40079;Fresno de Cantespino
40080;Fresno de la Fuente
40081;Frumales
40082;Fuente de Santa Cruz
40083;Fuente el Olmo de Fuentiduena
40084;Fuente el Olmo de Iscar
40086;Fuentepelayo
40087;Fuentepinel
40088;Fuenterrebollo
40089;Fuentesauco de Fuentiduena
40091;Fuentesoto
40092;Fuentiduena
40093;Gallegos
40094;Garcillan
40095;Gomezserracin
40097;Grajera
40099;Honrubia de la Cuesta
40100;Hontalbilla
40101;Hontanares de Eresma
40103;Huertos, Los
40104;Ituero y Lama
40105;Juarros de Riomoros
40106;Juarros de Voltoya
40107;Labajos
40108;Laguna de Contreras
40109;Languilla
40110;Lastras de Cuellar
40111;Lastras del Pozo
40112;Lastrilla, La
40113;Losa, La
40115;Maderuelo
40118;Marazuela
40119;Martin Miguel
40120;Martin Munoz de la Dehesa
40121;Martin Munoz de las Posadas
40122;Marugan
40123;Matabuena
40124;Mata de Cuellar
40125;Matilla, La
40126;Melque de Cercos
40127;Membibre de la Hoz
40128;Miguelanez
40129;Montejo de Arevalo
40130;Montejo de la Vega de la Serrezuela
40131;Monterrubio
40132;Moral de Hornuez
40134;Mozoncillo
40135;Munopedro
40136;Munoveros
40138;Nava de la Asuncion
40139;Navafria
40140;Navalilla
40141;Navalmanzano
40142;Navares de Ayuso
40143;Navares de Enmedio
40144;Navares de las Cuevas
40145;Navas de Oro
40146;Navas de San Antonio
40148;Nieva
40149;Olombrada
40150;Orejana
40151;Ortigosa de Pestano
40152;Otero de Herreros
40154;Pajarejos
40155;Palazuelos de Eresma
40156;Pedraza
40157;Pelayos del Arroyo
40158;Perosillo
40159;Pinarejos
40160;Pinarnegrillo
40161;Pradales
40162;Pradena
40163;Puebla de Pedraza
40164;Rapariegos
40165;Rebollo
40166;Remondo
40168;Riaguas de San Bartolome
40170;Riaza
40171;Ribota
40172;Riofrio de Riaza
40173;Roda de Eresma
40174;Sacramenia
40176;Samboal
40177;San Cristobal de Cuellar
40178;San Cristobal de la Vega
40179;Sanchonuno
40180;Sangarcia
40181;Real Sitio de San Ildefonso
40182;San Martin y Mudrian
40183;San Miguel de Bernuy
40184;San Pedro de Gaillos
40185;Santa Maria la Real de Nieva
40186;Santa Marta del Cerro
40188;Santiuste de Pedraza
40189;Santiuste de San Juan Bautista
40190;Santo Domingo de Piron
40191;Santo Tome del Puerto
40192;Sauquillo de Cabezas
40193;Sebulcor
40194;Segovia
40195;Sepulveda
40196;Sequera de Fresno
40198;Sotillo
40199;Sotosalbos
40200;Tabanera la Luenga
40201;Tolocirio
40202;Torreadrada
40203;Torrecaballeros
40204;Torrecilla del Pinar
40205;Torreiglesias
40206;Torre Val de San Pedro
40207;Trescasas
40208;Turegano
40210;Uruenas
40211;Valdeprados
40212;Valdevacas de Montejo
40213;Valdevacas y Guijar
40214;Valseca
40215;Valtiendas
40216;Valverde del Majano
40218;Valle de Tabladillo
40219;Vallelado
40220;Valleruela de Pedraza
40221;Valleruela de Sepulveda
40222;Veganzones
40223;Vegas de Matute
40224;Ventosilla y Tejadilla
40225;Villacastin
40228;Villaverde de Iscar
40229;Villaverde de Montejo
40230;Villeguillo
40231;Yanguas de Eresma
40233;Zarzuela del Monte
40234;Zarzuela del Pinar
40901;Ortigosa del Monte
40902;Cozuelos de Fuentiduena
40903;Marazoleja
40904;Navas de Riofrio
40905;Cuevas de Provanco
42001;Abejar
42003;Adradas
42004;Agreda
42006;Alconaba
42007;Alcubilla de Avellaneda
42008;Alcubilla de las Penas
42009;Aldealafuente
42010;Aldealices
42011;Aldealpozo
42012;Aldealsenor
42013;Aldehuela de Perianez
42014;Aldehuelas, Las
42015;Alentisque
42016;Aliud
42017;Almajano
42018;Almaluez
42019;Almarza
42020;Almazan
42021;Almazul
42022;Almenar de Soria
42023;Alpanseque
42024;Arancon
42025;Arcos de Jalon
42026;Arenillas
42027;Arevalo de la Sierra
42028;Ausejo de la Sierra
42029;Baraona
42030;Barca
42031;Barcones
42032;Bayubas de Abajo
42033;Bayubas de Arriba
42034;Beraton
42035;Berlanga de Duero
42036;Blacos
42037;Bliecos
42038;Borjabad
42039;Borobia
42041;Buberos
42042;Buitrago
42043;Burgo de Osma-Ciudad de Osma
42044;Cabrejas del Campo
42045;Cabrejas del Pinar
42046;Calatanazor
42048;Caltojar
42049;Candilichera
42050;Canamaque
42051;Carabantes
42052;Caracena
42053;Carrascosa de Abajo
42054;Carrascosa de la Sierra
42055;Casarejos
42056;Castilfrio de la Sierra
42057;Castilruiz
42058;Castillejo de Robledo
42059;Centenera de Andaluz
42060;Cerbon
42061;Cidones
42062;Cigudosa
42063;Cihuela
42064;Ciria
42065;Cirujales del Rio
42068;Coscurita
42069;Covaleda
42070;Cubilla
42071;Cubo de la Solana
42073;Cueva de Agreda
42075;Devanos
42076;Deza
42078;Duruelo de la Sierra
42079;Escobosa de Almazan
42080;Espeja de San Marcelino
42081;Espejon
42082;Estepa de San Juan
42083;Frechilla de Almazan
42084;Fresno de Caracena
42085;Fuentearmegil
42086;Fuentecambron
42087;Fuentecantos
42088;Fuentelmonge
42089;Fuentelsaz de Soria
42090;Fuentepinilla
42092;Fuentes de Magana
42093;Fuentestrun
42094;Garray
42095;Golmayo
42096;Gomara
42097;Gormaz
42098;Herrera de Soria
42100;Hinojosa del Campo
42103;Langa de Duero
42105;Liceras
42106;Losilla, La
42107;Magana
42108;Majan
42110;Matalebreras
42111;Matamala de Almazan
42113;Medinaceli
42115;Mino de Medinaceli
42116;Mino de San Esteban
42117;Molinos de Duero
42118;Momblona
42119;Monteagudo de las Vicarias
42120;Montejo de Tiermes
42121;Montenegro de Cameros
42123;Moron de Almazan
42124;Muriel de la Fuente
42125;Muriel Viejo
42127;Nafria de Ucero
42128;Narros
42129;Navaleno
42130;Nepas
42131;Nolay
42132;Noviercas
42134;Olvega
42135;Oncala
42139;Pinilla del Campo
42140;Portillo de Soria
42141;Poveda de Soria, La
42142;Pozalmuro
42144;Quintana Redonda
42145;Quintanas de Gormaz
42148;Quinoneria
42149;Rabanos, Los
42151;Rebollar
42152;Recuerda
42153;Rello
42154;Renieblas
42155;Retortillo de Soria
42156;Reznos
42157;Riba de Escalote, La
42158;Rioseco de Soria
42159;Rollamienta
42160;Royo, El
42161;Salduero
42162;San Esteban de Gormaz
42163;San Felices
42164;San Leonardo de Yague
42165;San Pedro Manrique
42166;Santa Cruz de Yanguas
42167;Santa Maria de Huerta
42168;Santa Maria de las Hoyas
42171;Seron de Nagima
42172;Soliedra
42173;Soria
42174;Sotillo del Rincon
42175;Suellacabras
42176;Tajahuerce
42177;Tajueco
42178;Talveila
42181;Tardelcuende
42182;Taroda
42183;Tejado
42184;Torlengua
42185;Torreblacos
42187;Torrubia de Soria
42188;Trevago
42189;Ucero
42190;Vadillo
42191;Valdeavellano de Tera
42192;Valdegena
42193;Valdelagua del Cerro
42194;Valdemaluque
42195;Valdenebro
42196;Valdeprado
42197;Valderrodilla
42198;Valtajeros
42200;Velamazan
42201;Velilla de la Sierra
42202;Velilla de los Ajos
42204;Viana de Duero
42205;Villaciervos
42206;Villanueva de Gormaz
42207;Villar del Ala
42208;Villar del Campo
42209;Villar del Rio
42211;Villares de Soria, Los
42212;Villasayas
42213;Villaseca de Arciel
42215;Vinuesa
42216;Vizmanos
42217;Vozmediano
42218;Yanguas
42219;Yelo
44001;Ababuj
44002;Abejuela
44003;Aguaton
44004;Aguaviva
44005;Aguilar del Alfambra
44006;Alacon
44007;Alba
44008;Albalate del Arzobispo
44009;Albarracin
44010;Albentosa
44011;Alcaine
44012;Alcala de la Selva
44013;Alcaniz
44014;Alcorisa
44016;Alfambra
44017;Aliaga
44018;Almohaja
44019;Alobras
44020;Alpenes
44021;Allepuz
44022;Alloza
44023;Allueva
44024;Anadon
44025;Andorra
44026;Arcos de las Salinas
44027;Arens de Lledo
44028;Argente
44029;Arino
44031;Azaila
44032;Badenas
44033;Baguena
44034;Banon
44035;Barrachina
44036;Bea
44037;Beceite
44038;Belmonte de San Jose
44039;Bello
44040;Berge
44041;Bezas
44042;Blancas
44043;Blesa
44044;Bordon
44045;Bronchales
44046;Buena
44047;Burbaguena
44048;Cabra de Mora
44049;Calaceite
44050;Calamocha
44051;Calanda
44052;Calomarde
44053;Camanas
44054;Camarena de la Sierra
44055;Camarillas
44056;Caminreal
44059;Cantavieja
44060;Canada de Benatanduz
44061;Canada de Verich, La
44062;Canada Vellida
44063;Canizar del Olivar
44064;Cascante del Rio
44065;Castejon de Tornos
44066;Castel de Cabra
44067;Castelnou
44068;Castelseras
44070;Castellar, El
44071;Castellote
44074;Cedrillas
44075;Celadas
44076;Cella
44077;Cerollera, La
44080;Codonera, La
44082;Corbalan
44084;Cortes de Aragon
44085;Cosa
44086;Cretas
44087;Crivillen
44088;Cuba, La
44089;Cubla
44090;Cucalon
44092;Cuervo, El
44093;Cuevas de Almuden
44094;Cuevas Labradas
44096;Ejulve
44097;Escorihuela
44099;Escucha
44100;Estercuel
44101;Ferreruela de Huerva
44102;Fonfria
44103;Formiche Alto
44105;Fornoles
44106;Fortanete
44107;Foz-Calanda
44108;Fresneda, La
44109;Frias de Albarracin
44110;Fuenferrada
44111;Fuentes Calientes
44112;Fuentes Claras
44113;Fuentes de Rubielos
44114;Fuentespalda
44115;Galve
44116;Gargallo
44117;Gea de Albarracin
44118;Ginebrosa, La
44119;Griegos
44120;Guadalaviar
44121;Gudar
44122;Hijar
44123;Hinojosa de Jarque
44124;Hoz de la Vieja, La
44125;Huesa del Comun
44126;Iglesuela del Cid, La
44127;Jabaloyas
44128;Jarque de la Val
44129;Jatiel
44130;Jorcas
44131;Josa
44132;Lagueruela
44133;Lanzuela
44135;Libros
44136;Lidon
44137;Linares de Mora
44138;Loscos
44141;Lledo
44142;Maicas
44143;Manzanera
44144;Martin del Rio
44145;Mas de las Matas
44146;Mata de los Olmos, La
44147;Mazaleon
44148;Mezquita de Jarque
44149;Mirambel
44150;Miravete de la Sierra
44151;Molinos
44152;Monforte de Moyuela
44153;Monreal del Campo
44154;Monroyo
44155;Montalban
44156;Monteagudo del Castillo
44157;Monterde de Albarracin
44158;Mora de Rubielos
44159;Moscardon
44160;Mosqueruela
44161;Muniesa
44163;Noguera de Albarracin
44164;Nogueras
44165;Nogueruelas
44167;Obon
44168;Odon
44169;Ojos Negros
44171;Olba
44172;Oliete
44173;Olmos, Los
44174;Orihuela del Tremedal
44175;Orrios
44176;Palomar de Arroyos
44177;Pancrudo
44178;Parras de Castellote, Las
44179;Penarroya de Tastavins
44180;Peracense
44181;Peralejos
44182;Perales del Alfambra
44183;Pitarque
44184;Plou
44185;Pobo, El
44187;Portellada, La
44189;Pozondon
44190;Pozuel del Campo
44191;Puebla de Hijar, La
44192;Puebla de Valverde, La
44193;Puertomingalvo
44194;Rafales
44195;Rillo
44196;Riodeva
44197;Rodenas
44198;Royuela
44199;Rubiales
44200;Rubielos de la Cerida
44201;Rubielos de Mora
44203;Salcedillo
44204;Saldon
44205;Samper de Calanda
44206;San Agustin
44207;San Martin del Rio
44208;Santa Cruz de Nogueras
44209;Santa Eulalia
44210;Sarrion
44211;Segura de los Banos
44212;Seno
44213;Singra
44215;Terriente
44216;Teruel
44217;Toril y Masegoso
44218;Tormon
44219;Tornos
44220;Torralba de los Sisones
44221;Torrecilla de Alcaniz
44222;Torrecilla del Rebollar
44223;Torre de Arcas
44224;Torre de las Arcas
44225;Torre del Compte
44226;Torrelacarcel
44227;Torre los Negros
44228;Torremocha de Jiloca
44229;Torres de Albarracin
44230;Torrevelilla
44231;Torrijas
44232;Torrijo del Campo
44234;Tramacastiel
44235;Tramacastilla
44236;Tronchon
44237;Urrea de Gaen
44238;Utrillas
44239;Valacloche
44240;Valbona
44241;Valdealgorfa
44243;Valdecuenca
44244;Valdelinares
44245;Valdeltormo
44246;Valderrobres
44247;Valjunquera
44249;Vallecillo, El
44250;Veguillas de la Sierra
44251;Villafranca del Campo
44252;Villahermosa del Campo
44256;Villanueva del Rebollar de la Sierra
44257;Villar del Cobo
44258;Villar del Salz
44260;Villarluengo
44261;Villarquemado
44262;Villarroya de los Pinares
44263;Villastar
44264;Villel
44265;Vinaceite
44266;Visiedo
44267;Vivel del Rio Martin
44268;Zoma, La
46001;Ademuz
46002;Ador
46003;Atzeneta dAlbaida
46004;Agullent
46005;Alaquas
46006;Albaida
46007;Albal
46008;Albalat de la Ribera
46009;Albalat dels Sorells
46010;Albalat dels Tarongers
46011;Alberic
46012;Alborache
46013;Alboraya
46014;Albuixech
46015;Alcasser
46016;Alcantera de Xuquer
46017;Alzira
46018;Alcublas
46019;Alcudia, l
46020;Alcudia de Crespins, l
46021;Aldaia
46022;Alfafar
46023;Alfauir
46024;Alfara de la Baronia
46025;Alfara del Patriarca
46026;Alfarp
46027;Alfarrasi
46028;Algar de Palancia
46029;Algemesi
46030;Algimia de Alfara
46031;Alginet
46032;Almassera
46033;Almisera
46034;Almoines
46035;Almussafes
46036;Alpuente
46037;Alqueria de la Comtessa, l
46038;Andilla
46039;Anna
46040;Antella
46041;Aras de los Olmos
46042;Aielo de Malferit
46043;Aielo de Rugat
46044;Ayora
46045;Barxeta
46046;Barx
46047;Belgida
46048;Bellreguard
46049;Bellus
46050;Benageber
46051;Benaguasil
46052;Benavites
46053;Beneixida
46054;Benetusser
46055;Beniarjo
46056;Beniatjar
46057;Benicolet
46058;Benifairo de les Valls
46059;Benifairo de la Valldigna
46060;Benifaio
46061;Benifla
46062;Beniganim
46063;Benimodo
46064;Benimuslem
46065;Beniparrell
46066;Benirredra
46067;Benisano
46068;Benissoda
46069;Benisuera
46070;Betera
46071;Bicorp
46072;Bocairent
46073;Bolbaite
46074;Bonrepos i Mirambell
46075;Bufali
46076;Bugarra
46077;Bunol
46078;Burjassot
46079;Calles
46080;Camporrobles
46081;Canals
46082;Canet dEn Berenguer
46083;Carcaixent
46084;Carcer
46085;Carlet
46086;Carricola
46087;Casas Altas
46088;Casas Bajas
46089;Casinos
46090;Castello de Rugat
46091;Castellonet de la Conquesta
46092;Castielfabib
46093;Catadau
46094;Catarroja
46095;Caudete de las Fuentes
46096;Cerda
46097;Cofrentes
46098;Corbera
46099;Cortes de Pallas
46100;Cotes
46101;Quart de les Valls
46102;Quart de Poblet
46103;Quartell
46104;Quatretonda
46105;Cullera
46106;Chelva
46107;Chella
46108;Chera
46109;Cheste
46110;Xirivella
46111;Chiva
46112;Chulilla
46113;Daimus
46114;Domeno
46115;Dos Aguas
46116;Eliana, l
46117;Emperador
46118;Enguera
46119;Enova, l
46120;Estivella
46121;Estubeny
46122;Faura
46123;Favara
46124;Fontanars dels Alforins
46125;Fortaleny
46126;Foios
46127;Font dEn Carros, la
46128;Font de la Figuera, la
46129;Fuenterrobles
46130;Gavarda
46131;Gandia
46132;Genoves
46133;Gestalgar
46134;Gilet
46135;Godella
46136;Godelleta
46137;Granja de la Costera, la
46138;Guadassequies
46139;Guadassuar
46140;Guardamar de la Safor
46141;Higueruelas
46142;Jalance
46143;Xeraco
46144;Jarafuel
46145;Xativa
46146;Xeresa
46147;Lliria
46148;Loriguilla
46149;Losa del Obispo
46150;Llutxent
46151;Llocnou dEn Fenollet
46152;Llocnou de la Corona
46153;Llocnou de Sant Jeroni
46154;Llanera de Ranes
46155;Llauri
46156;Llombai
46157;Llosa de Ranes, la
46158;Macastre
46159;Manises
46160;Manuel
46161;Marines
46162;Massalaves
46163;Massalfassar
46164;Massamagrell
46165;Massanassa
46166;Meliana
46167;Millares
46168;Miramar
46169;Mislata
46170;Mogente/Moixent
46171;Moncada
46172;Montserrat
46173;Montaverner
46174;Montesa
46175;Montitxelvo/Montichelvo
46176;Montroy
46177;Museros
46178;Naquera
46179;Navarres
46180;Novele/Novetle
46181;Oliva
46182;Olocau
46183;Olleria, l
46184;Ontinyent
46185;Otos
46186;Paiporta
46187;Palma de Gandia
46188;Palmera
46189;Palomar, el
46190;Paterna
46191;Pedralba
46192;Petres
46193;Picanya
46194;Picassent
46195;Piles
46196;Pinet
46197;Polinya de Xuquer
46198;Potries
46199;Pobla de Farnals, la
46200;Pobla del Duc, la
46201;Puebla de San Miguel
46202;Pobla de Vallbona, la
46203;Pobla Llarga, la
46204;Puig
46205;Pucol
46206;Quesa
46207;Rafelbunol/Rafelbunyol
46208;Rafelcofer
46209;Rafelguaraf
46210;Rafol de Salem
46211;Real de Gandia
46212;Real
46213;Requena
46214;Riba-roja de Turia
46215;Riola
46216;Rocafort
46217;Rotgla i Corbera
46218;Rotova
46219;Rugat
46220;Sagunto/Sagunt
46221;Salem
46222;Sant Joanet
46223;Sedavi
46224;Segart
46225;Sellent
46226;Sempere
46227;Senyera
46228;Serra
46229;Siete Aguas
46230;Silla
46231;Simat de la Valldigna
46232;Sinarcas
46233;Sollana
46234;Sot de Chera
46235;Sueca
46236;Sumacarcer
46237;Tavernes Blanques
46238;Tavernes de la Valldigna
46239;Teresa de Cofrentes
46240;Terrateig
46241;Titaguas
46242;Torrebaja
46243;Torrella
46244;Torrent
46245;Torres Torres
46246;Tous
46247;Tuejar
46248;Turis
46249;Utiel
46250;Valencia
46251;Vallada
46252;Vallanca
46253;Valles
46254;Venta del Moro
46255;Villalonga
46256;Vilamarxant
46257;Villanueva de Castellon
46258;Villar del Arzobispo
46259;Villargordo del Cabriel
46260;Vinalesa
46261;Yatova
46262;Yesa, La
46263;Zarra
46902;Gatova
46903;San Antonio de Benageber
49002;Abezames
49003;Alcanices
49004;Alcubilla de Nogales
49005;Alfaraz de Sayago
49006;Algodre
49007;Almaraz de Duero
49008;Almeida de Sayago
49009;Andavias
49010;Arcenillas
49011;Arcos de la Polvorosa
49012;Arganin
49013;Argujillo
49014;Arquillinos
49015;Arrabalde
49016;Aspariegos
49017;Asturianos
49018;Ayoo de Vidriales
49019;Barcial del Barco
49020;Belver de los Montes
49021;Benavente
49022;Benegiles
49023;Bermillo de Sayago
49024;Boveda de Toro, La
49025;Breto
49026;Bretocino
49027;Brime de Sog
49028;Brime de Urz
49029;Burganes de Valverde
49030;Bustillo del Oro
49031;Cabanas de Sayago
49032;Calzadilla de Tera
49033;Camarzana de Tera
49034;Canizal
49035;Canizo
49036;Carbajales de Alba
49037;Carbellino
49038;Casaseca de Campean
49039;Casaseca de las Chanas
49040;Castrillo de la Guarena
49041;Castrogonzalo
49042;Castronuevo
49043;Castroverde de Campos
49044;Cazurra
49046;Cerecinos de Campos
49047;Cerecinos del Carrizal
49048;Cernadilla
49050;Cobreros
49052;Coomonte
49053;Coreses
49054;Corrales del Vino
49055;Cotanes del Monte
49056;Cubillos
49057;Cubo de Benavente
49058;Cubo de Tierra del Vino, El
49059;Cuelgamures
49061;Entrala
49062;Espadanedo
49063;Faramontanos de Tabara
49064;Fariza
49065;Fermoselle
49066;Ferreras de Abajo
49067;Ferreras de Arriba
49068;Ferreruela
49069;Figueruela de Arriba
49071;Fonfria
49075;Fresno de la Polvorosa
49076;Fresno de la Ribera
49077;Fresno de Sayago
49078;Friera de Valverde
49079;Fuente Encalada
49080;Fuentelapena
49081;Fuentesauco
49082;Fuentes de Ropel
49083;Fuentesecas
49084;Fuentespreadas
49085;Galende
49086;Gallegos del Pan
49087;Gallegos del Rio
49088;Gamones
49090;Gema
49091;Granja de Moreruela
49092;Granucillo
49093;Guarrate
49094;Hermisende
49095;Hiniesta, La
49096;Jambrina
49097;Justel
49098;Losacino
49099;Losacio
49100;Lubian
49101;Luelmo
49102;Maderal, El
49103;Madridanos
49104;Mahide
49105;Maire de Castroponce
49107;Malva
49108;Manganeses de la Lampreana
49109;Manganeses de la Polvorosa
49110;Manzanal de Arriba
49111;Manzanal del Barco
49112;Manzanal de los Infantes
49113;Matilla de Arzon
49114;Matilla la Seca
49115;Mayalde
49116;Melgar de Tera
49117;Micereces de Tera
49118;Milles de la Polvorosa
49119;Molacillos
49120;Molezuelas de la Carballeda
49121;Mombuey
49122;Monfarracinos
49123;Montamarta
49124;Moral de Sayago
49125;Moraleja del Vino
49126;Moraleja de Sayago
49127;Morales del Vino
49128;Morales de Rey
49129;Morales de Toro
49130;Morales de Valverde
49131;Moralina
49132;Moreruela de los Infanzones
49133;Moreruela de Tabara
49134;Muelas de los Caballeros
49135;Muelas del Pan
49136;Muga de Sayago
49137;Navianos de Valverde
49138;Olmillos de Castro
49139;Otero de Bodas
49141;Pajares de la Lampreana
49142;Palacios del Pan
49143;Palacios de Sanabria
49145;Pedralba de la Praderia
49146;Pego, El
49147;Peleagonzalo
49148;Peleas de Abajo
49149;Penausende
49150;Peque
49151;Perdigon, El
49152;Pereruela
49153;Perilla de Castro
49154;Pias
49155;Piedrahita de Castro
49156;Pinilla de Toro
49157;Pino del Oro
49158;Pinero, El
49159;Pobladura del Valle
49160;Pobladura de Valderaduey
49162;Porto
49163;Pozoantiguo
49164;Pozuelo de Tabara
49165;Prado
49166;Puebla de Sanabria
49167;Pueblica de Valverde
49168;Quintanilla del Monte
49169;Quintanilla del Olmo
49170;Quintanilla de Urz
49171;Quiruelas de Vidriales
49172;Rabanales
49173;Rabano de Aliste
49174;Requejo
49175;Revellinos
49176;Riofrio de Aliste
49177;Rionegro del Puente
49178;Roales
49179;Robleda-Cervantes
49180;Roelos de Sayago
49181;Rosinos de la Requejada
49183;Salce
49184;Samir de los Canos
49185;San Agustin del Pozo
49186;San Cebrian de Castro
49187;San Cristobal de Entrevinas
49188;San Esteban del Molar
49189;San Justo
49190;San Martin de Valderaduey
49191;San Miguel de la Ribera
49192;San Miguel del Valle
49193;San Pedro de Ceque
49194;San Pedro de la Nave-Almendra
49197;Santa Clara de Avedillo
49199;Santa Colomba de las Monjas
49200;Santa Cristina de la Polvorosa
49201;Santa Croya de Tera
49202;Santa Eufemia del Barco
49203;Santa Maria de la Vega
49204;Santa Maria de Valverde
49205;Santibanez de Tera
49206;Santibanez de Vidriales
49207;Santovenia
49208;San Vicente de la Cabeza
49209;San Vitero
49210;Sanzoles
49214;Tabara
49216;Tapioles
49219;Toro
49220;Torre del Valle, La
49221;Torregamones
49222;Torres del Carrizal
49223;Trabazos
49224;Trefacio
49225;Una de Quintana
49226;Vadillo de la Guarena
49227;Valcabado
49228;Valdefinjas
49229;Valdescorriel
49230;Vallesa de la Guarena
49231;Vega de Tera
49232;Vega de Villalobos
49233;Vegalatrave
49234;Venialbo
49235;Vezdemarban
49236;Vidayanes
49237;Videmala
49238;Villabrazaro
49239;Villabuena del Puente
49240;Villadepera
49241;Villaescusa
49242;Villafafila
49243;Villaferruena
49244;Villageriz
49245;Villalazan
49246;Villalba de la Lampreana
49247;Villalcampo
49248;Villalobos
49249;Villalonso
49250;Villalpando
49251;Villalube
49252;Villamayor de Campos
49255;Villamor de los Escuderos
49256;Villanazar
49257;Villanueva de Azoague
49258;Villanueva de Campean
49259;Villanueva de las Peras
49260;Villanueva del Campo
49261;Villaralbo
49262;Villardeciervos
49263;Villar de Fallaves
49264;Villar del Buey
49265;Villardiegua de la Ribera
49266;Villardiga
49267;Villardondiego
49268;Villarrin de Campos
49269;Villaseco del Pan
49270;Villavendimio
49271;Villaveza del Agua
49272;Villaveza de Valverde
49273;Vinas
49275;Zamora